(Почти) Пять Докторов,,,
1 сезон (1963-1964).txt,Первый Доктор,Барбара Райт,
1 сезон (2005).txt,Девятый Доктор,Роза Тайлер Адам Митчелл Микки Смит Джек Харкнесс,Адам Митчелл
10 сезон (1972-1973).txt,Третий Доктор,Джо Грант,Мастер
10 сезон (2017).txt,Двенадцатый Доктор,Нардол Билл Поттс,
11 сезон (1973-1974).txt,Третий Доктор,Сара Джейн Смит,
11 сезон (2018).txt,Тринадцатый Доктор,,
12 сезон (1974-1975).txt,,Гарри Салливан Сара Джейн Смит,Даврос
13 сезон (1975-1976).txt,,Гарри Салливан Сара Джейн Смит,
13 сезон (2021-2022).txt,Тринадцатый Доктор,Дэн Льюис,
14 сезон (1976-1977).txt,,Лила Сара Джейн Смит,
14 сезон (2023).txt,,,
15 сезон (1977-1978).txt,,Лила,
16 сезон (1978-1979).txt,,Романа I,
17 сезон (1979-1980).txt,,Дэвид Брирли Романа I Романа II,
18 сезон (1980-1981).txt,,Адрик,
19 сезон (1982).txt,,Адрик,
2 сезон (1964-1965).txt,Первый Доктор,Барбара Райт Вики Паллистер Стивен Тейлор,
2 сезон (2006).txt,,Микки Смит,
20 сезон (1983).txt,,,Мастер
21 сезон (1984).txt,Пятый Доктор,Пери Браун,
22 сезон (1985).txt,,Пери Браун,
23 сезон (1986).txt,,Пери Браун,
24 сезон (1987).txt,Седьмой Доктор,Эйс,
2501 год.txt,,,
26 сезон (1989).txt,,Эйс,Мастер
3 сезон (1965-1966).txt,Первый Доктор,Вики Паллистер Стивен Тейлор Катарина Сара Кингдом Додо Чаплет Полли Райт Бен Джексон,
3 сезон (2007).txt,,,Мастер
3 сезон (Торчвуд).txt,,Джек Харкнесс,
4 сезон (1966-1967).txt,Первый Доктор Второй Доктор,Полли Райт Бен Джексон Виктория Уотерфилд,
4 сезон (2008).txt,,Роза Тайлер Микки Смит Марта Джонс Сара Джейн Смит Уилфред Мотт Ривер Сонг Ривер Сонг Джек Харкнесс,
42.txt,Десятый Доктор,Марта Джонс,
5 сезон (1967-1968).txt,Второй Доктор,Виктория Уотерфилд Зои Хериот,Ледяные воины
5 сезон (2010).txt,,Эми Понд Рори Уильямс Ривер Сонг Ривер Сонг,
6 сезон (1968-1969).txt,Второй Доктор,Зои Хериот,
6 сезон (2011).txt,,Эми Понд Рори Уильямс Ривер Сонг Ривер Сонг,Тишина
7 сезон (1970).txt,Третий Доктор,Лиз Шоу,
7 сезон (2012-2013).txt,Одиннадцатый Доктор,Эми Понд Рори Уильямс Ривер Сонг Клара Освальд Ривер Сонг,Великий Разум
8 сезон (1971).txt,Третий Доктор,Джо Грант,Мастер
8 сезон (2014).txt,Двенадцатый Доктор,Клара Освальд,
9 сезон (1972).txt,Третий Доктор,Джо Грант,Мастер
9 сезон (2015).txt,Двенадцатый Доктор,Клара Освальд,Даврос
AudioGO.txt,,,
Bide-a-Wee (рассказ).txt,Первый Доктор,,
Big Finish Productions.txt,Восьмой Доктор Девятый Доктор Двенадцатый Доктор,Сара Кингдом Лиз Шоу Ривер Сонг Ривер Сонг,
Marvel Comics.txt,,,
Puffin eshort.txt,,,
SS Мария-Антуанетта.txt,,,
UNIT,,,
UNIT (аудиосериал).txt,,,
«Смерть далекам!».txt,,,Далеки
Аарон Блинович.txt,,,
Абсенс (аудио история).txt,,,
Аварийный переключатель.txt,,,
Агентство Небесного Вмешательства.txt,Второй Доктор Третий Доктор Седьмой Доктор Восьмой Доктор,Романа I Романа II Эйс Джек Харкнесс,
Адвокат среди звёзд.txt,,Ривер Сонг Ривер Сонг,
Адельфи.txt,,Лиз Шоу,Мастер
Адрик.txt,Пятый Доктор,Адрик Нисса Эйс,Мастер
Алистер Гордон Летбридж-Стюарт.txt,Третий Доктор Двенадцатый Доктор,Лиз Шоу Джо Грант Гарри Салливан Ривер Сонг Ривер Сонг,Мастер
Ангелы захватывают Манхэттен.txt,Одиннадцатый Доктор,Эми Понд Рори Уильямс Ривер Сонг Ривер Сонг,Плачущие ангелы
Анджело.txt,,,
Андроиды Тары.txt,,Романа I,
Андроиды.txt,Десятый Доктор,Вики Паллистер Камелион,Тишина
Аннетт Бэдленд.txt,,,
Антивещество.txt,,,
Арахниды в Соединённом Королевстве.txt,Тринадцатый Доктор,,
Арбитанцы.txt,Первый Доктор,,
Аридианцы.txt,Первый Доктор,,
Арка бесконечности (ТВ история).txt,Пятый Доктор,Нисса,
Армия Инопланетян (коллекция карт).txt,,,
Армия призраков.txt,Десятый Доктор,Роза Тайлер Микки Смит,Далеки
Артур Винтерс.txt,,,Мастер
Архитектор (Прокламация теней).txt,Десятый Доктор,,Даврос
Астра.txt,,,
Атака граска.txt,Десятый Доктор,,
Атака киберлюдей.txt,Шестой Доктор,Пери Браун,Киберлюди
Ацтеки (ТВ история).txt,Первый Доктор,,
Бабах!.txt,Тринадцатый Доктор,,
Багровый ужас.txt,Одиннадцатый Доктор,Клара Освальд,
Барабанная дробь.txt,Десятый Доктор,Марта Джонс Джек Харкнесс,Мастер
Барбара Райт.txt,,Барбара Райт,Далеки
Бах-бах-бум!.txt,Седьмой Доктор,,Ледяные воины
Бдящие.txt,Одиннадцатый Доктор,Клара Освальд,Бдящие
Бегство от грел.txt,,,
Бездна Сатаны.txt,Десятый Доктор,Роза Тайлер,
Безликие.txt,Второй Доктор,,
Беннетт.txt,Третий Доктор,Вики Паллистер,
Бернис Саммерфилд (Big Finish).txt,,Эйс,
Беспокойные мертвецы.txt,Девятый Доктор Десятый Доктор,Роза Тайлер,
Беспощадный убийца.txt,,,Мастер
Бет Чалмерс.txt,,Эйс,
Битва за Аркадию.txt,,,
Битва на Ранскур Ав Колос.txt,Тринадцатый Доктор,,Стенз
Битва при Демоновом Беге,,,
Битвы времён.txt,,,Далеки Киберлюди
Блейз.txt,,,
Блон Фэл-Фотч Пассамир-Дэй Сливин.txt,Девятый Доктор,Роза Тайлер,Сливины
Бойня в деревне.txt,,,
Бойся её.txt,Десятый Доктор,Роза Тайлер,
Бокка Кито.txt,,,
Боль (Эпизоды).txt,,,
Большее.txt,,,
Большой взрыв.txt,Одиннадцатый Доктор,Эми Понд Рори Уильямс Ривер Сонг Ривер Сонг,Тишина
Бормосфера (аудио история).txt,Одиннадцатый Доктор,Романа I Романа II,
Брайан Блессид.txt,,,
Брет Вайон.txt,,Катарина Сара Кингдом,
Будь вечны наши жизни (ТВ история).txt,Двенадцатый Доктор,Нардол Билл Поттс,Киберлюди Мастер Пожиратели света
Бэрри Джексон.txt,,,
В Вавилон (аудио история).txt,,,
В ночном лесу.txt,Двенадцатый Доктор,Клара Освальд,
В памяти живущих.txt,,,
В поисках Бесконечности.txt,Десятый Доктор,Марта Джонс,
В поисках друга.txt,,,
Вампиры Венеции.txt,Одиннадцатый Доктор,Эми Понд Рори Уильямс,Тишина
Ванда Вентем.txt,,,
Варис Хуссейн.txt,,,
Век стали.txt,Десятый Доктор,Роза Тайлер Микки Смит,Киберлюди
Великая французская революция.txt,Первый Доктор,Додо Чаплет,
Великий детектив.txt,Одиннадцатый Доктор,,
Великий космический лифт (аудио история).txt,Второй Доктор,,
Великобритания (космический корабль).txt,,Эми Понд,
Величайшее шоу в галактике.txt,Седьмой Доктор,Эйс,
Верховный далек (Генеральный план далеков).txt,,,Далеки
Верховный далек (Новая Парадигма Далеков).txt,,Эми Понд Рори Уильямс Ривер Сонг Ривер Сонг,Далеки
Верховный далек.txt,,,
Вечные дети.txt,Тринадцатый Доктор,,Киберлюди Мастер
Взрывная волна.txt,Седьмой Доктор Одиннадцатый Доктор,Эйс,
Вики Доктор Кто,,,
Вики Доктор Кто Архив опросов Серии.txt,,,
Вики Паллистер.txt,,Барбара Райт Вики Паллистер Стивен Тейлор,
Виктория.txt,Третий Доктор Пятый Доктор Десятый Доктор,Роза Тайлер Сара Джейн Смит,
Винсент и Доктор.txt,Одиннадцатый Доктор,Эми Понд,
Вислор Турлоу.txt,,Вислор Турлоу,
Вмешивающийся во время.txt,Первый Доктор,,
Внутрь далека.txt,Двенадцатый Доктор,Клара Освальд,Далеки
Вовсе нет! (аудио история).txt,,,
Военные игры.txt,Второй Доктор,,
Военные машины (ТВ история).txt,Первый Доктор,Полли Райт,
Военный вождь.txt,,,
Военный Доктор (аудиосериал).txt,Военный Доктор,,Далеки
Военный Доктор.txt,Восьмой Доктор Военный Доктор Десятый Доктор Одиннадцатый Доктор,,
Возвращение (аудио история).txt,,Сара Джейн Смит,
Возвращение далеков.txt,Седьмой Доктор,,Далеки
Возвращение Доктора Мистерио.txt,Двенадцатый Доктор,Ривер Сонг Ривер Сонг Нардол,
Возвращение кротонов.txt,Шестой Доктор,,
Возвращение на планету-сеть.txt,Пятый Доктор,Нисса,
Возмездие на Варосе.txt,Шестой Доктор,Пери Браун,
Вознесение киберлюдей.txt,Тринадцатый Доктор,,Мастер
Воин времени.txt,Третий Доктор,Бригадир Летбридж-Стюарт Сара Джейн Смит,
Воины глубин.txt,Пятый Доктор,,
Война далеков,,,
Война сонтаранцев.txt,Тринадцатый Доктор,,Сонтаранцы
Война Чёрного солнца.txt,,,
Войны Назначения.txt,Первый Доктор,,Мастер
Вор разумов.txt,Второй Доктор,,
Вормвуд.txt,,Сара Джейн Смит,
Воскрешая прошлое.txt,,,
Воскрешение далеков.txt,Пятый Доктор,,Далеки Даврос
Воспоминания далеков.txt,Первый Доктор Седьмой Доктор,Эйс,Далеки Даврос
Восстание киберлюдей.txt,Второй Доктор Десятый Доктор,Роза Тайлер Микки Смит,
Восход Экселиса.txt,Шестой Доктор,,
Восхождение Чёрного солнца.txt,Пятый Доктор Шестой Доктор Седьмой Доктор Восьмой Доктор Девятый Доктор Десятый Доктор Одиннадцатый Доктор Двенадцатый Доктор Тринадцатый Доктор,,Киберлюди
Восьмой Доктор - хронология.txt,Восьмой Доктор,,
Враг мира.txt,Второй Доктор,,Ледяные воины
Вражеские пришельцы.txt,Восьмой Доктор Одиннадцатый Доктор,,
Времена страха.txt,Восьмой Доктор,,Далеки
Временная Воронка.txt,,,
Временное вторжение.txt,,Лила,
Временное поле.txt,Одиннадцатый Доктор,Рори Уильямс Ривер Сонг Ривер Сонг,Тишина
Временной монстр.txt,Третий Доктор,Джо Грант,Мастер
Временной парадокс.txt,Третий Доктор Пятый Доктор Седьмой Доктор Девятый Доктор Десятый Доктор,Джо Грант Эйс Роза Тайлер Эми Понд Ривер Сонг Ривер Сонг,Далеки Мастер Жнецы
Временной полёт.txt,Пятый Доктор,Адрик Нисса,Мастер
Временной ротор.txt,Первый Доктор Седьмой Доктор Одиннадцатый Доктор,Ривер Сонг Ривер Сонг,Мастер
Время (Эпизоды).txt,,,
Время ангелов.txt,Одиннадцатый Доктор,Эми Понд Ривер Сонг Ривер Сонг,Тишина Плачущие ангелы
Время и время вновь.txt,Пятый Доктор Шестой Доктор Седьмой Доктор Восьмой Доктор Девятый Доктор Десятый Доктор Одиннадцатый Доктор Двенадцатый Доктор Тринадцатый Доктор,Адрик Нисса Эйс,Далеки Киберлюди
Время и Рани.txt,Шестой Доктор Седьмой Доктор,,
Время на исходе.txt,Одиннадцатый Доктор,Эми Понд Рори Уильямс Ривер Сонг Крейг Оуэнс Ривер Сонг,Киберлюди
Время отцовства.txt,Восьмой Доктор,,
Время творения.txt,Седьмой Доктор,Эйс,
Времяточец,,,
Все любят Ирвинга.txt,,,
Вторжение (ТВ история).txt,Второй Доктор,,Киберлюди
Вторжение андроидов.txt,,Гарри Салливан,
Вторжение далеков на Землю.txt,Первый Доктор,,Далеки
Вторжение далеков.txt,,,
Вторжение динозавров.txt,Третий Доктор,Сара Джейн Смит,
Вторжение зайгонов.txt,Двенадцатый Доктор,Клара Освальд,
Вулзи.txt,Седьмой Доктор Восьмой Доктор,,
Вы меня слышите.txt,Тринадцатый Доктор,,
Выбор недоступен.txt,Восьмой Доктор,,
Выбор Эми.txt,Одиннадцатый Доктор,Эми Понд Рори Уильямс,
Выживание.txt,Седьмой Доктор,Эйс,Мастер
Высший Совет Повелителей Времени.txt,,,
Габриэл Вулф.txt,,,
Габриэл Чейз.txt,Седьмой Доктор,Эйс,
Галактика 4 (ТВ история).txt,Первый Доктор,,
Галактические игры.txt,Первый Доктор Пятый Доктор Шестой Доктор Седьмой Доктор Восьмой Доктор Девятый Доктор Десятый Доктор Одиннадцатый Доктор Двенадцатый Доктор Тринадцатый Доктор,,Киберлюди
Галлифрей (аудиосериал).txt,,Лила Романа I Романа II Эйс,
Гарри Салливан.txt,Третий Доктор,Гарри Салливан Сара Джейн Смит,
Гвинет (Беспокойные мертвецы).txt,,,
Генеральный план далеков.txt,Первый Доктор,Катарина,Далеки
Генератор вектора времени.txt,Второй Доктор Третий Доктор Седьмой Доктор,Лиз Шоу,
Генератор еды.txt,,,Далеки
Генри Гордон Джейго.txt,,,
Герман Зарофф.txt,Второй Доктор,,
Главный переключатель ТАРДИС.txt,,,
Главный стратег далеков.txt,Десятый Доктор,,Далеки
Глубокий вдох.txt,Одиннадцатый Доктор Двенадцатый Доктор,Клара Освальд,
Глубоко там отец лежит.txt,,,
Глун Фэк Файз Шарлавир-Слам Сливин.txt,,,Сливины
Голодная земля.txt,Одиннадцатый Доктор,Эми Понд Рори Уильямс,
Горнило душ (аудио история).txt,Восьмой Доктор Военный Доктор,Ривер Сонг Ривер Сонг,
Город под названием Милосердие.txt,Одиннадцатый Доктор,Эми Понд Рори Уильямс,
Город смерти.txt,,Романа I Романа II,
Город-призрак.txt,,Сара Джейн Смит,
Городской бум.txt,Девятый Доктор,Роза Тайлер Микки Смит Джек Харкнесс,
Горцы.txt,Второй Доктор,,
Господство террора.txt,Первый Доктор,,
Граница в космосе.txt,Третий Доктор,Джо Грант,Мастер Драконианцы
Граница дальнего времени.txt,Восьмой Доктор,,
Грань уничтожения.txt,Первый Доктор,,Далеки
Гретхен Карлайл.txt,,,
Гриффин.txt,,,
Гриффот.txt,Десятый Доктор,,
Гробница киберлюдей.txt,Второй Доктор,,Киберлюди
Грэйс Холлоуэй.txt,Восьмой Доктор Двенадцатый Доктор,Грэйс Холлоуэй,Мастер
Грэм О'Брайен.txt,,Райан Синклер,Стенз
Гэри Расселл.txt,,,
Давай убьём Гитлера.txt,Одиннадцатый Доктор,Эми Понд Рори Уильямс Ривер Сонг Ривер Сонг,Тишина
Даврос (аудио история).txt,Шестой Доктор,,Даврос Мастер
Дайдоанцы.txt,,,
Далек (ТВ история).txt,Девятый Доктор,Роза Тайлер Адам Митчелл,Адам Митчелл
Далек Каан.txt,,,Далеки Даврос
Далек-временной контроллер.txt,Шестой Доктор,,Далеки Мастер
Далек-командир космического корабля (Вторжение далеков на Землю).txt,,,
Далеки (ТВ история).txt,Первый Доктор,Барбара Райт,Далеки
Далеки - список появлений.txt,,,Далеки
Далеки на Манхэттене.txt,Десятый Доктор,Марта Джонс,Далеки
Далеки!.txt,,,Далеки
Далеки.txt,Первый Доктор Второй Доктор Третий Доктор Седьмой Доктор Восьмой Доктор,,Далеки Даврос Мастер
Даркел - список появлений.txt,,,
Дафни Оксенфорд.txt,,,
Дафни Эшбрук.txt,,,
Два Доктора.txt,Второй Доктор Шестой Доктор,Пери Браун,Сонтаранцы
Двенадцатый Доктор (Теневой мир).txt,Двенадцатый Доктор,Нардол,
Двенадцать Докторов Рождества.txt,Девятый Доктор,Эйс,
Двойная дилемма.txt,Шестой Доктор,Пери Браун,
"Девочка, которая ждала.txt",Одиннадцатый Доктор,Эми Понд Рори Уильямс,
Девушка в камине.txt,Десятый Доктор,Роза Тайлер Микки Смит,
"Девушка, которая умерла.txt",Двенадцатый Доктор,Клара Освальд,
Девятый Доктор (Крик Шалка).txt,Девятый Доктор,,Мастер
Дед Парадокс.txt,,,
Дельта и знаменосцы.txt,Седьмой Доктор,Эйс,
Демон.txt,,,Мастер
Демоны (ТВ история).txt,Третий Доктор,Джо Грант,Мастер
Демоны Пенджаба.txt,Тринадцатый Доктор,,
День далеков.txt,Третий Доктор,Джо Грант,Далеки
День Другого.txt,,,
День клоуна.txt,,,
День Луны.txt,Одиннадцатый Доктор,Эми Понд Рори Уильямс Ривер Сонг Ривер Сонг,Тишина
День отца.txt,Девятый Доктор,Роза Тайлер Микки Смит,
День первый.txt,,Джек Харкнесс,
Деревня ангелов.txt,Тринадцатый Доктор,,Плачущие ангелы
Деревья кадонвуд.txt,,,
Деревья Поппито.txt,,,
Дерек Джекоби.txt,,,Мастер
Десятая планета.txt,Первый Доктор Второй Доктор,,Киберлюди
Дети Земли,,,
Деформация разума.txt,Шестой Доктор,Пери Браун,
Джанин (Месть Сливинов).txt,,,
Джано.txt,,,
"Джейго и Лайтфут, и Стракс",,,
Джейми Брэдли.txt,,,
Джейми Магнус Стоун.txt,,,
Джейсон Хейг-Эллери.txt,,,
Джек Потрошитель.txt,Пятый Доктор Седьмой Доктор,,
Джек Харкнесс.txt,Десятый Доктор,Роза Тайлер Донна Ноубл Джек Харкнесс,
Джекки Лейн.txt,,Додо Чаплет,
Дженна Коулман.txt,,Клара Освальд,
Дженни Чаплин.txt,Первый Доктор,,
Дженни.txt,Пятый Доктор Десятый Доктор,Адам Митчелл Донна Ноубл Марта Джонс,Даврос Адам Митчелл
Джеральд Тейлор.txt,,,
Джеральд Хоран.txt,,,
Джеремайя Кэттлвелл.txt,,,
Джеффри Биверс.txt,,Лиз Шоу,Мастер
Джилли Китцинжер.txt,,Джек Харкнесс,
Джозеф Лидстер.txt,,,
Джозеф Тремейн.txt,,,
Джон (Тук-тук).txt,,Билл Поттс,
Джон Бентон.txt,,,
Джон Дирт.txt,,,
Джон Дэвис.txt,,,
Джон и Джиллиан.txt,,,
Джон Стэндинг.txt,,,
Джонатан Бейли.txt,,,Мастер
Джонатан Стратт.txt,,,
Джордж Кулурис.txt,,,
Джорджия Моффетт.txt,,,
Джудунский беглец.txt,Тринадцатый Доктор,Джек Харкнесс,Джудуны
Ди Ди Бласко.txt,,,
Дидий.txt,,,
Дикари (ТВ история).txt,Первый Доктор,,
Дикий щёлкающий бородавочник.txt,,,
Диметродоны.txt,,,
Динозавры на космическом корабле.txt,Одиннадцатый Доктор,Эми Понд Рори Уильямс,
Дистанционное наведение ТАРДИС.txt,Третий Доктор,,Мастер
Доктор - список появлений.txt,,,
Доктор Кто,,,
Доктор Кто (фильм).txt,Седьмой Доктор Восьмой Доктор,,Далеки Мастер
Доктор Кто и нерв-машина.txt,Первый Доктор Пятый Доктор Шестой Доктор Седьмой Доктор Восьмой Доктор Девятый Доктор Десятый Доктор Одиннадцатый Доктор Двенадцатый Доктор Тринадцатый Доктор,Барбара Райт,Далеки Киберлюди
Доктор Кто и пираты.txt,Шестой Доктор,,
Доктор Кто и силурианцы.txt,Третий Доктор,Лиз Шоу,
Доктор Кто.txt,Первый Доктор Пятый Доктор Седьмой Доктор Восьмой Доктор Одиннадцатый Доктор,Вики Паллистер K-9 Адрик Эйс Микки Смит Марта Джонс Сара Джейн Смит Эми Понд Рори Уильямс Ривер Сонг Ривер Сонг Джек Харкнесс,Далеки Тишина Даврос Мастер
Доктор танцует.txt,Девятый Доктор,Роза Тайлер Джек Харкнесс,
"Доктор, вдова и платяной шкаф.txt",Одиннадцатый Доктор,Эми Понд Рори Уильямс Ривер Сонг Ривер Сонг,
Доктор.txt,Первый Доктор Второй Доктор Третий Доктор Пятый Доктор Седьмой Доктор Восьмой Доктор Военный Доктор Девятый Доктор Десятый Доктор Одиннадцатый Доктор Двенадцатый Доктор Тринадцатый Доктор,Романа I Роза Тайлер Сара Джейн Смит Ривер Сонг Клара Освальд Ривер Сонг Нардол Билл Поттс,Тишина Вашта Нерада Даврос Мастер Великий Разум
Доктора бесконечности.txt,,,
Долгая игра.txt,Девятый Доктор,Роза Тайлер Адам Митчелл,Адам Митчелл
Дом (Жена Доктора).txt,Одиннадцатый Доктор,Эми Понд,
Дом Лангбэрроу.txt,,,
Доминаторы (ТВ история).txt,Второй Доктор,,
Донна Ноубл.txt,Десятый Доктор,Роза Тайлер Донна Ноубл Уилфред Мотт Ривер Сонг Ривер Сонг Джек Харкнесс,Далеки Тишина Даврос
Дочь Доктора.txt,Десятый Доктор,Донна Ноубл Марта Джонс,
Драконье пламя (ТВ история).txt,Седьмой Доктор,Эйс,
Драконья ярость (аудио история).txt,,,
Древесная землеройка.txt,,,
Дудочник.txt,Первый Доктор,,
Дымовая завеса.txt,Пятый Доктор Одиннадцатый Доктор,Адрик Нисса,Мастер
Дэвид Бейли.txt,,,
Дэвид Луэллин.txt,,,Мастер
Дэвид Теннант.txt,Десятый Доктор,,
Дэмиан Сэмюэлс.txt,,,
Дэнни Пинк.txt,,,Мастер
Дэннис Спунер.txt,,,
Её последний полёт.txt,Шестой Доктор,Пери Браун,
Единорог и оса.txt,Десятый Доктор,Донна Ноубл,Тишина
Ежемесячные релизы (Big Finish).txt,Восьмой Доктор,Адрик Пери Браун Эйс,
Елизавета X.txt,,Эми Понд Ривер Сонг Ривер Сонг,
Жанна-Антуанетта Пуассон.txt,Десятый Доктор,,
Жена Доктора.txt,Одиннадцатый Доктор,Эми Понд Рори Уильямс,Мастер
"Женщина, которая упала на Землю.txt",Тринадцатый Доктор,Райан Синклер,
Живая легенда.txt,Восьмой Доктор,,
Жидкостное соединение.txt,Первый Доктор,Сара Джейн Смит,Далеки Мастер
Жнецы.txt,,Роза Тайлер Ривер Сонг Ривер Сонг,Жнецы Предвестник
За морем (аудио история).txt,,,
За солнцем (аудио история).txt,,Полли Райт Эйс,
Завершение.txt,,,
Загадка Цуранга.txt,Тринадцатый Доктор,,Птинг
Заглавная.txt,Тринадцатый Доктор,,
Зазор времени.txt,Шестой Доктор,Джо Грант Пери Браун,
Зайгоны.txt,Десятый Доктор Одиннадцатый Доктор,,Зайгоны
Заключённый Ноль.txt,,,
Заново рождённый.txt,Девятый Доктор Десятый Доктор,Роза Тайлер,
Запасные части.txt,Пятый Доктор,Нисса,Киберлюди
Захватчики с Марса.txt,Восьмой Доктор,,
Защитник далеков.txt,Десятый Доктор Тринадцатый Доктор,,
Звезда.txt,,,
Зверь внизу.txt,Одиннадцатый Доктор,Эми Понд,
Здесь будут монстры.txt,Первый Доктор,,
Зелёная смерть.txt,Третий Доктор,Джо Грант,
Землетрясение (ТВ история).txt,Пятый Доктор,Катарина Сара Кингдом Адрик Нисса,Киберлюди
Земля мёртвых.txt,Пятый Доктор,Нисса,
Земная империя.txt,Первый Доктор,,Мастер
Земное дитя.txt,Первый Доктор Восьмой Доктор,,
"Зеркало, сигнал, манёвр.txt",,Сара Джейн Смит,
Зло далеков.txt,Второй Доктор,,Далеки
Злой волк (ТВ история).txt,Девятый Доктор,Роза Тайлер Джек Харкнесс,Далеки
Змеиная голова.txt,,,
Зоанон.txt,,,
Зои Хериот - список появлений.txt,,Зои Хериот,
Зои Хериот.txt,,Зои Хериот,
Зомбоящик.txt,Десятый Доктор,Роза Тайлер,
Зэйв Эштон.txt,,,
Иглобрюхие.txt,,Джек Харкнесс,
Иго.txt,,Эйс,
Идрис.txt,,Ривер Сонг Ривер Сонг,
Избегая будущего.txt,,,
Изгнание (аудио история).txt,Второй Доктор Третий Доктор,,
Иззи Синклер.txt,Двенадцатый Доктор,,Мастер
Изолятор далеков (ТВ история).txt,Одиннадцатый Доктор,Эми Понд Рори Уильямс,Далеки
Императрица Марса.txt,Двенадцатый Доктор,Нардол Билл Поттс,Ледяные воины Пожиратели света
Императрица Ракносс.txt,,,
Империя далеков (аудиосериал).txt,,,Далеки
Империя далеков II,,,
Имя Доктора.txt,Десятый Доктор Одиннадцатый Доктор,Ривер Сонг Клара Освальд Ривер Сонг,Великий Разум Шептуны
Интернациональная Электрокорпорация.txt,Второй Доктор,,Киберлюди
Инферно.txt,Третий Доктор,Лиз Шоу,
Инфорарий (ТВ история).txt,Одиннадцатый Доктор,,
Искатели ведьм.txt,Тринадцатый Доктор,,
Искушение Сары Джейн Смит.txt,,,
Исповедники.txt,Одиннадцатый Доктор,Эми Понд Ривер Сонг Ривер Сонг,Тишина
Истории с Новой Земли.txt,Десятый Доктор,,
Истории.txt,,,
История спутников.txt,Восьмой Доктор,Катарина Лила Романа I Романа II Адрик Ривер Сонг Ривер Сонг,
Иэн Битти.txt,,,
Иэн Гелдер.txt,,,
Иэн Ханмор.txt,,,
Йанто Джонс.txt,,Джек Харкнесс,
Йен МакНис.txt,,Эйс,
Йен Честертон.txt,,Барбара Райт,
К9 (модель I).txt,Четвертый Доктор,Лила,
К9 (модель II).txt,,Дэвид Брирли,
К9 (модель III).txt,,Адрик,
К9 (модель IV).txt,,Сара Джейн Смит,
К9 (сериал).txt,,,
К9.txt,,Лила Дэвид Брирли Романа I Романа II Адрик,
Калира.txt,,,
Камни крови.txt,,Романа I,
Кантон Делавэр.txt,,Ривер Сонг Ривер Сонг,
Капитан Джек Харкнесс (ТВ история).txt,,Джек Харкнесс,
Капитан Квилл.txt,,,
Кара.txt,Пятый Доктор,Романа I Романа II Адрик Нисса,
Кардиффский пространственно-временной рифт.txt,Девятый Доктор Десятый Доктор,Роза Тайлер,
Карзок.txt,Пятый Доктор,,
Карманные вселенные.txt,Одиннадцатый Доктор,,
Карнавал монстров.txt,Третий Доктор,Джо Грант Гарри Салливан,
Карриониты.txt,,,
Кассандра О’Брайен.Δ17.txt,Девятый Доктор Десятый Доктор,Роза Тайлер,
Катика Сантини Кадени.txt,,,
Квиннис (аудио история).txt,Первый Доктор,,
Кворрен Магвайр.txt,Восьмой Доктор,,
Керизз.txt,,,
Кибер-дроны.txt,,,Киберлюди
Кибер-планировщик.txt,Второй Доктор Одиннадцатый Доктор,Зои Хериот Ривер Сонг Ривер Сонг,Киберлюди
Киберматы.txt,,,
КиберПовелители.txt,,,Мастер
Киберчеловек (аудиосериал).txt,,,Киберлюди
Кизлет.txt,Одиннадцатый Доктор,Клара Освальд,Великий Разум
Кили Хоуз.txt,,,
Кинда (ТВ история).txt,Пятый Доктор,Адрик Нисса,
Кислород (ТВ история).txt,Двенадцатый Доктор,Нардол Билл Поттс,
Китлинги.txt,,,Мастер
Клад.txt,,,
Клайд Лангер.txt,,,Горгоны
Клара Освальд - список появлений.txt,,Клара Освальд,
Клара Освальд.txt,,Эми Понд Рори Уильямс Ривер Сонг Клара Освальд Ривер Сонг,
Кларк (Человеческая природа).txt,,,
Клетка вечности (аудио история).txt,Военный Доктор,,Сонтаранцы
Клык и коготь.txt,Десятый Доктор,Роза Тайлер,
Ключи Маринуса.txt,Первый Доктор,Эйс,
Книги.txt,Десятый Доктор Одиннадцатый Доктор,,Тишина Вашта Нерада
Ковариан.txt,,Ривер Сонг Ривер Сонг,Тишина
Ковчег (ТВ история).txt,Первый Доктор,Стивен Тейлор Додо Чаплет,
Ковчег в космосе.txt,,Гарри Салливан,
Когти Аксоса.txt,Третий Доктор,Джо Грант,Мастер
Когти Венг-Чанга.txt,,Лила,
Код Шекспира.txt,Десятый Доктор,Марта Джонс,
Кожа Скользких.txt,,Романа I Романа II,
Колесо в космосе.txt,Второй Доктор,Зои Хериот,Киберлюди
Колокола Святого Иоанна.txt,Одиннадцатый Доктор,Клара Освальд,Великий Разум
Колония в космосе.txt,Третий Доктор,Джо Грант,Мастер
Кольдиц (аудио история).txt,Седьмой Доктор,Эйс,
Кольца Акатена.txt,Одиннадцатый Доктор,Клара Освальд,
Кольцо Вормвуд.txt,,,
Команда Сары Джейн.txt,,,
Комплекс Бога.txt,Одиннадцатый Доктор,Эми Понд Рори Уильямс,Плачущие ангелы
Конвертер в чёрные дыры.txt,,,Мастер
Конец времени.txt,Десятый Доктор Одиннадцатый Доктор,Роза Тайлер Микки Смит Донна Ноубл Марта Джонс Сара Джейн Смит Уилфред Мотт Джек Харкнесс,Мастер Сливины
Конец путешествия.txt,Десятый Доктор,Роза Тайлер Микки Смит Донна Ноубл Марта Джонс Сара Джейн Смит Уилфред Мотт Джек Харкнесс,Далеки Даврос
Конец пути (аудио история).txt,Шестой Доктор,,Мастер
Конец света (ТВ история).txt,Девятый Доктор,Роза Тайлер,
Контрабандисты.txt,Первый Доктор,,
Королевские демоны.txt,Пятый Доктор,Камелион,Мастер
Король-вампир.txt,Четвертый Доктор,,
Космическая служба безопасности.txt,,,
Космические пираты (ТВ история).txt,Второй Доктор,,
Космический музей.txt,Первый Доктор,,Далеки
Коул Джарниш.txt,,,Мастер
Кошмар в серебряных тонах.txt,Одиннадцатый Доктор,Клара Освальд,Киберлюди
Кошмар Эдема.txt,,Романа I Романа II,
Крайний срок.txt,,,
Красивые люди.txt,,Романа I Романа II,
Красный рассвет.txt,Пятый Доктор,Пери Браун,Ледяные воины
Крестовый поход.txt,Первый Доктор,,
Криллитаны.txt,Десятый Доктор,Роза Тайлер Микки Смит,
Криптобиоз.txt,Шестой Доктор,Пери Браун,
Кристин Адамс.txt,,,
Кристофер Барри.txt,,,Далеки
Кристофер Х. Бидмид.txt,,,
Кровавый прилив.txt,Шестой Доктор,,
Кротоны (ТВ история).txt,Второй Доктор,,
Кротоны.txt,,,
Крушение во времени.txt,Пятый Доктор Десятый Доктор,,
Ксеронцы.txt,Первый Доктор,Барбара Райт,
Кубы.txt,Седьмой Доктор,,
Кэлер (раса).txt,Одиннадцатый Доктор,Ривер Сонг Ривер Сонг,Даврос
Кэтрин Льюис Дефис.txt,,,
Лазерная отвёртка.txt,Десятый Доктор,Эми Понд,Мастер
Легион (бокс-сет).txt,,,
Ледяной огонь (аудио история).txt,Первый Доктор,Вики Паллистер,
Ледяные воины (ТВ история).txt,Второй Доктор,,Ледяные воины
Леон Кольбер.txt,,,
Лес мертвецов.txt,Десятый Доктор Одиннадцатый Доктор,Донна Ноубл Ривер Сонг Ривер Сонг,Тишина Вашта Нерада
Лето любви.txt,,,
Летучие землеройки.txt,Пятый Доктор Восьмой Доктор,,Мастер
Ли Хейвен Джонс.txt,,,
Линг-Тау.txt,,Барбара Райт,
Линда Беллингем.txt,,,
Линдси Дункан.txt,,Аделаида Брук Уилфред Мотт,
Лисья Роща.txt,,Сара Джейн Смит,
Лицо зла.txt,,Лила,
Личный враг №1.txt,,,
Логополис (ТВ история).txt,Пятый Доктор,Адрик Нисса,Мастер
Лор Уилсон.txt,,,
Лорд-Президент (Сирены времени).txt,Шестой Доктор,Романа I Романа II,Сирены времени
Лоренсо Смитт.txt,,,
Луи (Нерегенерация!).txt,,,
Луи Маркс.txt,,,
Лумы.txt,Первый Доктор,,
Луна охотника.txt,,,
Лунная база.txt,Второй Доктор,,Киберлюди
Люденс Нимрод Кендрик Корд Лонгстафф XLI.txt,Одиннадцатый Доктор,,
Люди.txt,Восьмой Доктор Одиннадцатый Доктор,Барбара Райт Роза Тайлер Сара Джейн Смит Эми Понд Рори Уильямс Клара Освальд Джек Харкнесс,Далеки Мастер
Люк (Военные игры).txt,,Зои Хериот,
Мёртвая линия.txt,,,
Мёрфи Грамбар.txt,,,Далеки
Майерс (Скай).txt,,,
Майк Йейтс.txt,,Джо Грант,
Майкл Финч.txt,,,
Майкл Хейс.txt,,,
Макет заглавной.txt,,,
Маленькая девочка (Сбежавшая невеста).txt,,,
Малкассайро.txt,,,
Малкольм Уэйнрайт.txt,,,
Манипулятор временной воронки.txt,Десятый Доктор Одиннадцатый Доктор,Роза Тайлер Адам Митчелл Марта Джонс Ривер Сонг Клара Освальд Ривер Сонг Джек Харкнесс,Адам Митчелл
Марго ван дер Бург.txt,,,
Марк Гейтисс.txt,Третий Доктор,Лиз Шоу,Мастер
Марко Поло (ТВ история).txt,Первый Доктор,,Далеки
Марта Джонс.txt,Двенадцатый Доктор,Микки Смит Марта Джонс Сара Джейн Смит,Далеки Мастер Сонтаранцы
Мартин Трумэн.txt,,,
Маскарад Мандрагоры.txt,,,
Маскарад смерти.txt,,,
Мастер (аудио история).txt,Седьмой Доктор,,Даврос Мастер
Мастер (Крик Шалка).txt,,,Мастер
Мастер.txt,Второй Доктор Третий Доктор Восьмой Доктор Десятый Доктор,Лиз Шоу Джо Грант Нардол Билл Поттс Джек Харкнесс,Даврос Мастер Пожиратели света Морские дьяволы
Мастерский вор.txt,,,Мастер
Матушка Россия.txt,Первый Доктор,Стивен Тейлор Додо Чаплет,
Машина времени далеков.txt,Первый Доктор,,Далеки
Машина квантовых возможностей.txt,Седьмой Доктор,Эйс,
Меглос (ТВ история).txt,,Романа I Романа II,
Мейтланд.txt,Первый Доктор,,
Мекай Файфер.txt,,,
Мексика.txt,Первый Доктор Шестой Доктор Седьмой Доктор Восьмой Доктор Одиннадцатый Доктор,Барбара Райт Эйс Эми Понд Рори Уильямс,
Меноптеры.txt,Первый Доктор Второй Доктор Пятый Доктор,,
Менуэт в аду.txt,Восьмой Доктор,,Оборотни
Меньшее зло.txt,,,Мастер
Мертвец Модрин.txt,Пятый Доктор,Нисса Вислор Турлоу,
Мертво и захоронено.txt,,,
Месть киберлюдей.txt,,,Киберлюди
Метка Рани.txt,Шестой Доктор,Пери Браун,Мастер
Меткие стрелки.txt,Первый Доктор,,
Меч Ориона.txt,Восьмой Доктор,,Киберлюди
Мианна Бёринг.txt,,,
Микки Смит.txt,Девятый Доктор,Микки Смит Марта Джонс,
Микро-ключи Совести Маринуса.txt,Первый Доктор,,
Мир Пита.txt,,,
Мир развлечений.txt,,,Вашта Нерада
Мисси (аудиосериал).txt,,,
Миссис Виггс.txt,,Додо Чаплет Сара Джейн Смит,
Миссия в неизвестное.txt,,,Далеки
Миссия Даврос.txt,,,Даврос
Мишель Гомес.txt,,,Мастер
Много счастливых возвращений.txt,,Эйс,
Могущественный Джаграфесс Святого Хадроджассиковского Максароденфо.txt,Девятый Доктор,,
Модели К9.txt,,,
Модуль воспоминаний (аудио история).txt,,,Мастер
Мозг Морбиуса.txt,,,
Мойа Брэди.txt,,,
Мокс из Балхуна.txt,Десятый Доктор,,
Момент (оружие).txt,,,
Монах.txt,Первый Доктор Седьмой Доктор,Эйс,
Монстр Пеладона.txt,Третий Доктор,Сара Джейн Смит,Ледяные воины
Монстры и злодеи.txt,,,
Морган Блю.txt,Двенадцатый Доктор,,
Моррис Бэрри.txt,,,
Морские дьяволы (ТВ история).txt,Третий Доктор,Джо Грант,Мастер Морские дьяволы
Мужья Ривер Сонг.txt,Двенадцатый Доктор,Ривер Сонг Ривер Сонг Нардол,Тишина
Мумия в Восточном Экспрессе.txt,Двенадцатый Доктор,Клара Освальд,Предвестник
Мутанты.txt,Третий Доктор,Джо Грант,Морские дьяволы
Мэл Янг.txt,,,
Мэри Тамм.txt,,Романа I,
Мэтт Крейн.txt,Десятый Доктор,,
Мягкие игрушки.txt,Пятый Доктор,,
Мятежная плоть.txt,Одиннадцатый Доктор,Эми Понд Рори Уильямс,
На дне озера.txt,Двенадцатый Доктор,Клара Освальд,
Над ранами он шутит....txt,,Сара Джейн Смит,
Нардол - список появлений.txt,,Нардол,
Наследство Рутвена.txt,,,
Научный институт Ides.txt,,,Мастер
Не спите больше.txt,Двенадцатый Доктор,Клара Освальд,
Небесная Парадигма (аудио история).txt,,,Далеки Мастер
Небесный игрушечник (ТВ история).txt,Первый Доктор,,
Небесный игрушечник.txt,Седьмой Доктор,,
Нев Фаунтин.txt,,,
Неверленд (аудио история).txt,Восьмой Доктор,,Далеки
Невидимый враг.txt,,Лила,
Невозможная планета.txt,Десятый Доктор,Роза Тайлер,
Невозможный астронавт.txt,Одиннадцатый Доктор,Эми Понд Рори Уильямс Ривер Сонг Ривер Сонг,Тишина
Неземное дитя.txt,Первый Доктор,Барбара Райт,Далеки
Неизвестное.txt,Седьмой Доктор,Ривер Сонг Ривер Сонг,
Некромантэйя (аудио история).txt,Пятый Доктор,Пери Браун,
"Немецкий солдат (Военные игры, эпизод 1).txt",Второй Доктор,Джейми Маккриммон Зои Хериот,
Ненасытные (аудиосериал).txt,Восьмой Доктор,,
Ненасытные.txt,Восьмой Доктор,,Мастер
Нерегенерация!.txt,Седьмой Доктор,,
Нет места лучше дома.txt,Пятый Доктор,,
Неудачная монета.txt,,Лила,
Нигде.txt,Шестой Доктор,,
Никки Уилсон.txt,,,
Николас Бриггс.txt,Военный Доктор,,Даврос
Нил Корри.txt,,,
Ниспосланный с небес.txt,Двенадцатый Доктор,,
Ниша Наяр.txt,,Донна Ноубл,
Новая Земля (ТВ история).txt,Десятый Доктор,Роза Тайлер Микки Смит,
Новейшие приключения.txt,,Роза Тайлер Донна Ноубл,Сознание Нестин
Новые границы.txt,,,
Новые приключения Бернис Саммерфилд (аудиосериал).txt,Седьмой Доктор,Эйс,
Ночные кошмары.txt,Одиннадцатый Доктор,Эми Понд Рори Уильямс,
Ночь Стормкроу.txt,,Лила,
Ночь шёпота.txt,Девятый Доктор Одиннадцатый Доктор,Роза Тайлер Джек Харкнесс,
Нулевая Камера.txt,,,
Нулевой час.txt,,,
Обличитель.txt,Двенадцатый Доктор,,
Оборотень (Клык и коготь).txt,,,
Оборотни (аудио история).txt,Пятый Доктор,,Оборотни
Оборотни.txt,,,Оборотни
Образ Фендала.txt,,Лила,
Огни Вулкана.txt,Седьмой Доктор,,
Огни Помпей.txt,Десятый Доктор,Донна Ноубл Ривер Сонг Ривер Сонг,
Ограбление во времени.txt,Двенадцатый Доктор,Клара Освальд,
Одиннадцатый Доктор — цитаты.txt,Первый Доктор Одиннадцатый Доктор,Эми Понд Ривер Сонг Ривер Сонг,
Одиннадцатый час.txt,Одиннадцатый Доктор,Эми Понд Рори Уильямс,Тишина
Одиннадцать.txt,Седьмой Доктор Восьмой Доктор,Ривер Сонг Ривер Сонг,
"Однажды, во времени.txt",Тринадцатый Доктор,,Киберлюди Плачущие ангелы
Оливия Колман.txt,,,
Омега (аудио история).txt,Пятый Доктор,,Даврос
"Он сказал, она сказала.txt",Одиннадцатый Доктор,Клара Освальд,
Оно уносит тебя.txt,Тринадцатый Доктор,,
Операция Рибос.txt,,Романа I,
Организации.txt,,,
Орден Чёрного Солнца.txt,,,
Освальд Дейнс.txt,,Джек Харкнесс,
Отважные.txt,,,
Относительные измерения.txt,Восьмой Доктор,,
Отравленное небо.txt,Десятый Доктор,Роза Тайлер Донна Ноубл Марта Джонс Уилфред Мотт,Сонтаранцы
Оттенки Грея.txt,,,
Охотники Земли.txt,Первый Доктор Одиннадцатый Доктор,,
Охотники Пылающего Камня.txt,Пятый Доктор Шестой Доктор Седьмой Доктор Восьмой Доктор Девятый Доктор Десятый Доктор Одиннадцатый Доктор Двенадцатый Доктор Тринадцатый Доктор,Барбара Райт,Киберлюди
Охранник (Невозможная планета).txt,,,
Охранница (Невозможная планета).txt,,,
Падение Доктора.txt,Первый Доктор Двенадцатый Доктор,Нардол Билл Поттс,Киберлюди Мастер
Падение шпионов.txt,Тринадцатый Доктор,,Мастер
Палач Брисбена.txt,Пятый Доктор,Нисса,
Пандорика открывается.txt,Одиннадцатый Доктор,Эми Понд Рори Уильямс Ривер Сонг Ривер Сонг,Тишина
Паразиты клептонов.txt,Первый Доктор Пятый Доктор Шестой Доктор Седьмой Доктор Восьмой Доктор Девятый Доктор Десятый Доктор Одиннадцатый Доктор Двенадцатый Доктор Тринадцатый Доктор,,Киберлюди
Патерсон Джозеф.txt,,,
Патруль счастья (ТВ история).txt,Седьмой Доктор,Эйс,
Пейшенс.txt,Пятый Доктор,,Мастер
Первозданный.txt,Пятый Доктор,Нисса,Мастер
Перед потопом.txt,Двенадцатый Доктор,Клара Освальд,Король-Рыбак
Перекрёстки времени.txt,Пятый Доктор Шестой Доктор Седьмой Доктор Восьмой Доктор Девятый Доктор Десятый Доктор Одиннадцатый Доктор Двенадцатый Доктор Тринадцатый Доктор,,Киберлюди
Переходы вне времени.txt,,,
Пери Браун.txt,,Пери Браун,Мастер
Песчаные звери.txt,,Барбара Райт Вики Паллистер,
Петронелла Осгуд.txt,Четвертый Доктор,,Мастер Зайгоны
Пещеры Андрозани.txt,Пятый Доктор Шестой Доктор,Адрик Нисса Камелион Пери Браун,Мастер
Пилот.txt,Двенадцатый Доктор,Ривер Сонг Ривер Сонг Нардол Билл Поттс,Далеки
Пилотный эпизод.txt,Первый Доктор,,
Пингвины.txt,,,
Пиппа Беннетт-Уорнер.txt,,,
Пирамида на краю света.txt,Двенадцатый Доктор,Нардол Билл Поттс,
Пирамиды Марса.txt,,,
Пиррон.txt,Первый Доктор,,
Питер Пёрвс.txt,Первый Доктор,Стивен Тейлор,
Питер Энджилидис.txt,,,Мастер
План сонтаранцев.txt,Десятый Доктор,Донна Ноубл Марта Джонс Уилфред Мотт,Сонтаранцы
Планета (Галактика 4).txt,,,
Планета (Генеральный план далеков).txt,,,
Планета (Дикари).txt,Первый Доктор,Стивен Тейлор,
Планета (Террор Макра).txt,Второй Доктор,,
Планета X.txt,,,
Планета гепардов.txt,,,Мастер
Планета гигантов.txt,Первый Доктор,,
Планета далеков.txt,Первый Доктор Третий Доктор,Джо Грант,Далеки
Планета зла.txt,,,
Планета механоидов.txt,,,Далеки
Планета огня.txt,Пятый Доктор,Камелион Пери Браун,Мастер
Планета пауков.txt,Третий Доктор,Джо Грант Сара Джейн Смит,
Планета удов.txt,Десятый Доктор,Донна Ноубл,
Планета-пират.txt,,Романа I,
Планета-сеть.txt,Первый Доктор,,
Планеты.txt,,,
Плачущие ангелы - список появлений.txt,Десятый Доктор Одиннадцатый Доктор,,Плачущие ангелы
Плачущие ангелы.txt,Десятый Доктор Одиннадцатый Доктор Двенадцатый Доктор,Эйс Эми Понд Рори Уильямс Ривер Сонг Ривер Сонг Джек Харкнесс,Плачущие ангелы
Пленник джудуна.txt,,Сара Джейн Смит,Джудуны
Плоскость.txt,Двенадцатый Доктор,Клара Освальд,
Плоть и камень.txt,Одиннадцатый Доктор,Эми Понд Ривер Сонг Ривер Сонг,Плачущие ангелы
Плохие привычки.txt,,,
Победа далеков.txt,Одиннадцатый Доктор,Эми Понд,Далеки
Победитель получает всё.txt,Девятый Доктор,Роза Тайлер Микки Смит,
Повелители войны (аудио история).txt,Третий Доктор,,Даврос
Повелители Времени.txt,Второй Доктор Третий Доктор Пятый Доктор Шестой Доктор Восьмой Доктор Военный Доктор Девятый Доктор Десятый Доктор Одиннадцатый Доктор,Романа I Романа II Ривер Сонг Ривер Сонг,Киберлюди Мастер
Повелители ужаса.txt,Восьмой Доктор,,Далеки
Повелитель Снов.txt,,,Повелитель Снов
Погоня.txt,Первый Доктор,Барбара Райт,Далеки
Подводная угроза.txt,Второй Доктор,,
Подготовка к войне.txt,Шестой Доктор,,
Подземный мир.txt,,Лила,
Подмастерье чародея.txt,Двенадцатый Доктор,Клара Освальд,Даврос
Пожиратели света (ТВ история).txt,Двенадцатый Доктор,Нардол Билл Поттс,Пожиратели света
Покров скорби.txt,Одиннадцатый Доктор,Клара Освальд,
Покров.txt,Двенадцатый Доктор,,
Поле боя.txt,Седьмой Доктор,Лиз Шоу Бригадир Летбридж-Стюарт Эйс,
Полночный звон.txt,Восьмой Доктор,,
Полночь.txt,Десятый Доктор,Роза Тайлер Донна Ноубл,
Полный цикл.txt,,Романа I Романа II Адрик,
Положение.txt,Двенадцатый Доктор,Нардол Билл Поттс,
Полуликий.txt,Двенадцатый Доктор,Клара Освальд,
Последнее Рождество.txt,Двенадцатый Доктор,Клара Освальд,
Последний враг.txt,Шестой Доктор,Пери Браун,Мастер
Последний Повелитель Времени.txt,Десятый Доктор,Марта Джонс Джек Харкнесс,Мастер
Последний титан.txt,Седьмой Доктор,,
Последняя Великая Война Времени.txt,Седьмой Доктор Восьмой Доктор Военный Доктор Девятый Доктор Десятый Доктор,Романа I Романа II Уилфред Мотт,Далеки Даврос Мастер
Почти люди.txt,Одиннадцатый Доктор,Эми Понд Рори Уильямс,
Правители Вселенной (аудио история).txt,Восьмой Доктор,Ривер Сонг Ривер Сонг,
Право первородства (аудио история).txt,,Эйс,
Прайс (Третья мировая война).txt,Девятый Доктор,Роза Тайлер Микки Смит,Сливины
Праксей.txt,Тринадцатый Доктор,,
Прекрасные создания.txt,Пятый Доктор,Нисса,
Преображение зайгонов.txt,Двенадцатый Доктор,Клара Освальд,
Преобразование.txt,,,Киберлюди
Прибытие из космоса.txt,Третий Доктор,Лиз Шоу,
Пригоршня праха.txt,,,
Призрак Ланьон-Мур.txt,Шестой Доктор,,
Призраки виллы Диодати.txt,Тринадцатый Доктор,Джек Харкнесс,
Призрачный памятник.txt,Тринадцатый Доктор,,Стенз
Призрачный Свет.txt,Седьмой Доктор,Эйс,
Приквел (Давай убьём Гитлера).txt,Одиннадцатый Доктор,Эми Понд Ривер Сонг Ривер Сонг,
"Приквел (Доктор, вдова и платяной шкаф).txt",Одиннадцатый Доктор,Ривер Сонг Ривер Сонг,
Приквел (Изолятор далеков).txt,Одиннадцатый Доктор,,Далеки
Приквел (Колокола Святого Иоанна).txt,Одиннадцатый Доктор,Клара Освальд,
Приквел (Невозможный астронавт).txt,,,Тишина
Приквел (Проклятие чёрной метки).txt,,,
Приквел (Свадьба Ривер Сонг).txt,,Ривер Сонг Ривер Сонг,Тишина
Приквел (Хороший человек идёт на войну).txt,,Ривер Сонг Ривер Сонг,Тишина
Приключение в пространстве и времени.txt,,,
Приключения Восьмого Доктора (аудиосериал).txt,Восьмой Доктор,,
Приключения прошлых Докторов.txt,,,
Приключения Сары Джейн.txt,,Сара Джейн Смит,
Приключения Четвёртого Доктора.txt,,,
Приманка Кочевника.txt,Шестой Доктор,,
Прими тьму.txt,Восьмой Доктор,,
Пришельцы в Лондоне.txt,Девятый Доктор,Роза Тайлер Микки Смит,Сливины
Пробка.txt,Десятый Доктор,Марта Джонс,Далеки
Проблеск.txt,,,Киберлюди
Пробуждение.txt,Пятый Доктор,,
Проект,,,
Происхождение далеков.txt,,,Даврос
Прокламация теней.txt,Девятый Доктор Десятый Доктор Двенадцатый Доктор,Роза Тайлер Клара Освальд,Даврос Джудуны
Проклятие Пеладона.txt,Третий Доктор,Джо Грант,Ледяные воины Морские дьяволы
Проклятие Фенрика.txt,Седьмой Доктор,Эйс,
Проклятие чёрной метки.txt,Одиннадцатый Доктор,Эми Понд Рори Уильямс,
Проклятый парень.txt,,,
Пропавшие.txt,,,
Просвещение (ТВ история).txt,Пятый Доктор,,
Прячься.txt,Одиннадцатый Доктор,Клара Освальд,
Пустой ребёнок.txt,Девятый Доктор,Роза Тайлер Джек Харкнесс,
Путешествие к центру ТАРДИС.txt,Одиннадцатый Доктор,Клара Освальд,
Пути расходятся.txt,Девятый Доктор Десятый Доктор,Роза Тайлер Микки Смит Джек Харкнесс,Далеки Мастер
Пять Докторов.txt,Третий Доктор Пятый Доктор,Зои Хериот Лиз Шоу Романа I Романа II,Мастер
Р. Асквит.txt,,,
Разведение пыли.txt,Седьмой Доктор,Эйс,Мастер Оборотни
Разделённая верность.txt,Первый Доктор Пятый Доктор,Адрик Нисса,Мастер
Разоблачение далеков.txt,Шестой Доктор,Пери Браун,Даврос
Райган.txt,,,
Райские башни (ТВ история).txt,Седьмой Доктор,,
Райский мороз.txt,,,
Раквид.txt,,Сара Джейн Смит,
Рамон Саламандер.txt,Второй Доктор,Виктория Уотерфилд,
Рани.txt,,,Мастер
Рансом.txt,,Джейми Маккриммон Зои Хериот,
Расовая память.txt,,,
Рассвет Экселиса.txt,Пятый Доктор,Джо Грант,
Реальное время.txt,Шестой Доктор,,Киберлюди
Революция далеков.txt,Тринадцатый Доктор,Райан Синклер Джек Харкнесс,Плачущие ангелы Птинг
Регенерация.txt,Первый Доктор Второй Доктор Третий Доктор Пятый Доктор Шестой Доктор Седьмой Доктор Восьмой Доктор Девятый Доктор Десятый Доктор Одиннадцатый Доктор Двенадцатый Доктор,Стивен Тейлор Романа I Романа II Адрик Пери Браун Роза Тайлер Сара Джейн Смит Ривер Сонг Клара Освальд Ривер Сонг Нардол Билл Поттс Джек Харкнесс,Мастер
Резня в канун Святого Варфоломея.txt,Первый Доктор,Стивен Тейлор Додо Чаплет,
Рейтинговая война.txt,Шестой Доктор,,
Реквием для Доктора.txt,Пятый Доктор,Ривер Сонг Ривер Сонг,
Реквием по Ракетчикам.txt,,Лила,Мастер
Решение.txt,Тринадцатый Доктор,,Далеки
Ривер Сонг - цитаты.txt,,Ривер Сонг Ривер Сонг,
Ривер Сонг.txt,Одиннадцатый Доктор Двенадцатый Доктор,Сьюзен Форман Эми Понд Рори Уильямс Ривер Сонг Ривер Сонг Нардол Джек Харкнесс,Тишина
Римляне.txt,Первый Доктор,,
Рита (Комплекс Бога).txt,Одиннадцатый Доктор,,
Ричард Докинз.txt,Шестой Доктор,Эми Понд,
Роберт Джевелл.txt,,,
Робот из Шервуда.txt,Двенадцатый Доктор,Клара Освальд,
Робот.txt,Третий Доктор,Гарри Салливан Сара Джейн Смит,
Роботы смерти.txt,,Лила,
Робофобия.txt,Седьмой Доктор,,
Робоформы.txt,Десятый Доктор,Микки Смит,
Рога Наймона.txt,,Романа I Романа II,
Рождественская песнь.txt,Одиннадцатый Доктор,Эми Понд Рори Уильямс,
Рождественское вторжение.txt,Десятый Доктор,Роза Тайлер Микки Смит,Сикораксы
Рождество (город).txt,Одиннадцатый Доктор,Ривер Сонг Ривер Сонг,Великий Разум
Роза (ТВ история 2018).txt,Тринадцатый Доктор,,
Роза (ТВ история).txt,Третий Доктор Девятый Доктор,Роза Тайлер Микки Смит,Сознание Нестин
Роза Тайлер.txt,Девятый Доктор Десятый Доктор,Пери Браун Роза Тайлер Адам Митчелл Микки Смит Ривер Сонг Ривер Сонг Джек Харкнесс,Киберлюди Адам Митчелл Сливины
Роковые последствия.txt,,Сара Джейн Смит,
Романа III.txt,Восьмой Доктор,Романа I Романа II Эйс,
Романа.txt,Седьмой Доктор Восьмой Доктор Десятый Доктор,Лила Романа I Романа II Адрик,
Рори Уильямс.txt,Одиннадцатый Доктор,Эми Понд Рори Уильямс Ривер Сонг Ривер Сонг,
Росс (Внутрь далека).txt,,,
Рука Омеги.txt,Первый Доктор Седьмой Доктор,Эйс,Даврос
Рука помощи для Доктора.txt,Первый Доктор,,
Рука страха.txt,,Сара Джейн Смит,
Рупа Магвайр.txt,Восьмой Доктор,,
Рэйчел Талалэй.txt,,,
С дьявольским упорством.txt,Одиннадцатый Доктор Двенадцатый Доктор,Ривер Сонг Клара Освальд Ривер Сонг,
Саймон Каллоу.txt,,Эйс Ривер Сонг Ривер Сонг,
Самая длинная ночь.txt,,,
Сандра Митчелл.txt,Девятый Доктор,Адам Митчелл,Адам Митчелл
Сара Джейн Смит (аудиосериал).txt,,Сара Джейн Смит,
Сатурнианцы.txt,,,
Саша Дхаван.txt,,,Мастер
Сбежавшая невеста.txt,Десятый Доктор,Донна Ноубл,
Свадьба Ривер Сонг.txt,Одиннадцатый Доктор,Эми Понд Рори Уильямс Ривер Сонг Ривер Сонг,Тишина
Свобода информации.txt,,,
Сделка со смертью (аудио история).txt,Десятый Доктор Одиннадцатый Доктор,Донна Ноубл,
Седрик Перкинс.txt,,,
Семена погибели.txt,,,
Семена смерти.txt,Второй Доктор,,Ледяные воины
Семь ключей Судного дня (аудио история).txt,Третий Доктор,,Далеки
Семья Крови (ТВ история).txt,Десятый Доктор,Марта Джонс,
Сенс-сфера.txt,Первый Доктор Десятый Доктор,,
Сенсориты (ТВ история).txt,Первый Доктор,,
Серебряная Немезида.txt,Седьмой Доктор,Эйс,Киберлюди
Сержант Рагг.txt,,Додо Чаплет,
Сеть страха.txt,Второй Доктор,,Великий Разум
Сеющие страх (аудио история).txt,Седьмой Доктор,Эйс,
Сеющие страх.txt,Седьмой Доктор,Эйс,
Сила далеков.txt,Первый Доктор Второй Доктор,,Далеки
Сила Кролла.txt,,Романа I,
Сила трёх.txt,Одиннадцатый Доктор,Эми Понд Рори Уильямс,
Силурианцы - список появлений.txt,,,
Сильвия Ноубл - список появлений.txt,,,
Симпатия к дьяволу.txt,Третий Доктор,,Мастер
Синий зуб.txt,Третий Доктор,Лиз Шоу,Киберлюди
Сирены времени (аудио история).txt,Пятый Доктор Шестой Доктор Седьмой Доктор,,Сирены времени
Сирены времени.txt,,Джо Грант,Сирены времени
Сирил.txt,,Додо Чаплет,
Сирота 55.txt,Тринадцатый Доктор,,
Сказания Трензалора.txt,Одиннадцатый Доктор,,
Сканер ТАРДИС.txt,Второй Доктор,,Мастер
Скорпион (аудио история).txt,,,
Скути Маниста.txt,,,
Славные дни.txt,,,
Сливины.txt,,,Сливины
Случайные призраки.txt,,Эйс,
Слушай.txt,Первый Доктор Военный Доктор Двенадцатый Доктор,Клара Освальд,
Смертельная Зона.txt,Второй Доктор Военный Доктор,,Далеки Мастер
Смертельный Матч.txt,,Лила,Мастер
Смерть далекам.txt,Третий Доктор,Сара Джейн Смит,Далеки
Смерть и далеки.txt,,,
Смерть на небесах.txt,Двенадцатый Доктор,Клара Освальд,Киберлюди
Смерть по-английски (аудио история).txt,,Романа I Романа II,
Смит и Джонс.txt,Десятый Доктор,Марта Джонс Джек Харкнесс,
Смотритель (ТВ история).txt,Двенадцатый Доктор,Клара Освальд,
Снеговики (ТВ история).txt,Одиннадцатый Доктор,,Великий Разум
Снежные люди (ТВ история).txt,Второй Доктор,,Великий Разум Ледяные воины
Событие Один.txt,Второй Доктор Шестой Доктор Седьмой Доктор Одиннадцатый Доктор,Нисса,
Соединённые Штаты Америки.txt,Первый Доктор Пятый Доктор Восьмой Доктор Девятый Доктор Десятый Доктор Одиннадцатый Доктор,Стивен Тейлор Додо Чаплет Нисса Пери Браун Марта Джонс Эми Понд,Далеки Тишина
Создавая мифы.txt,,,
Создатели мифов.txt,Первый Доктор,Катарина,
Создатели солнц.txt,,Лила,
Сознание Нестин.txt,Третий Доктор,,Вашта Нерада Мастер Сознание Нестин
Сокрушители.txt,Тринадцатый Доктор,,Далеки Мастер Сонтаранцы
Сопротивление.txt,Второй Доктор,Полли Райт,
Состояние упадка.txt,,Романа I Романа II Адрик,
Соучастники.txt,Десятый Доктор,Роза Тайлер Донна Ноубл Уилфред Мотт,
Спандрелл.txt,,,
Спасение.txt,Первый Доктор,,
Спираль Маттер.txt,,,
"Список актёров, сыгравших небольшие роли.txt",,,
Список аудиокниг по «Доктору Кто».txt,,,
Список аудиопьес по «Доктору Кто».txt,,,
Список комиксов по «Доктору Кто».txt,Пятый Доктор Шестой Доктор Седьмой Доктор Восьмой Доктор Девятый Доктор Десятый Доктор Одиннадцатый Доктор Двенадцатый Доктор Тринадцатый Доктор,,Киберлюди
Список неофициальных историй по «Доктору Кто».txt,,,
Список рассказов по «Доктору Кто».txt,,,
Список романов по «Доктору Кто».txt,,,
Список эпизодов сериала «Доктор Кто».txt,,,
"Спокойной ночи, милые дамы.txt",Седьмой Доктор,Эйс,Далеки
Справедливая война (аудио история).txt,,,
Справочники.txt,,,
Спутники Доктора.txt,Восьмой Доктор,Лиз Шоу Джо Грант Роза Тайлер Астрид Пет Сара Джейн Смит Клара Освальд,
Спящие.txt,,,
Срочные звонки.txt,Шестой Доктор,,
Старая смертность.txt,Первый Доктор,,
Старейшины.txt,,Стивен Тейлор,
Старые солдаты.txt,Третий Доктор,,
Стив Лайонс.txt,,,
Стив Томпсон.txt,,,
Стивен Коул.txt,,,
Стивен Тейлор.txt,,Барбара Райт Вики Паллистер Стивен Тейлор Катарина Додо Чаплет Полли Райт,Далеки
Страх далеков.txt,Второй Доктор,Зои Хериот,Далеки
Судный день (Epoch).txt,,,
Судный день.txt,Десятый Доктор,Роза Тайлер Микки Смит Донна Ноубл,Далеки
Судьба далеков.txt,,Романа I Романа II,Далеки Даврос
Сутех.txt,,,
Существо из Ямы.txt,,Романа I Романа II,
Сфера небытия.txt,,,Мастер
Схема Хамелеон.txt,Одиннадцатый Доктор,,
Сценарист.txt,,,
Сьюзан Форман.txt,Первый Доктор Седьмой Доктор Восьмой Доктор,Барбара Райт Пери Браун Эйс Сара Джейн Смит,Далеки Мастер
Сэм Джонс.txt,,,
Сэмюэль Андерсон.txt,,,
Тёмная вода (ТВ история).txt,Двенадцатый Доктор,Клара Освальд,Киберлюди Мастер
Тёмное пламя.txt,Седьмой Доктор,Эйс,
Таинственная планета.txt,Шестой Доктор,Пери Браун,
Тайное возвращение.txt,Шестой Доктор,Пери Браун,
Тайное происхождение.txt,,,
Тайны звёзд.txt,,,
Танец змеи.txt,Пятый Доктор,Нисса,
ТАРДИС Доктора.txt,Первый Доктор Второй Доктор Пятый Доктор Шестой Доктор Восьмой Доктор Девятый Доктор Десятый Доктор Одиннадцатый Доктор Двенадцатый Доктор,Джо Грант Лила Романа I Романа II Адрик Эйс Микки Смит Донна Ноубл Эми Понд Рори Уильямс Ривер Сонг Клара Освальд Ривер Сонг Джек Харкнесс,Далеки Киберлюди Тишина Плачущие ангелы Даврос Мастер Сонтаранцы Ледяные воины
ТАРДИС Тип 40.txt,Одиннадцатый Доктор,,Мастер
ТАРДИС Тип 70.txt,,,Сирены времени
ТАРДИС.txt,Первый Доктор Одиннадцатый Доктор,Джо Грант Ривер Сонг Ривер Сонг,Мастер Сирены времени
Тардисоды.txt,,,
Тектеюн.txt,Тринадцатый Доктор,,
Тени Вашты Нерады.txt,,,Тишина Вашта Нерада
Тень Ига.txt,Седьмой Доктор,Эйс,
Тень Лондона.txt,,Лила,
Тень смерти.txt,Второй Доктор Одиннадцатый Доктор,,
Терминус (ТВ история).txt,Пятый Доктор,Нисса Вислор Турлоу,
Терри Моллой.txt,,,Даврос
Терри Нейшн.txt,,,Даврос
Террор автонов.txt,Третий Доктор,Джо Грант,Мастер Сознание Нестин
Террор вервоидов.txt,Шестой Доктор Десятый Доктор,Ривер Сонг Ривер Сонг,
Террор зайгонов.txt,,Гарри Салливан,Зайгоны
Террор Макра.txt,Второй Доктор,,
Технологии.txt,,,
Тираннозавры.txt,Третий Доктор Десятый Доктор Одиннадцатый Доктор,Марта Джонс,
Титаник (космический корабль).txt,,,
Тишина в Библиотеке.txt,Десятый Доктор,Донна Ноубл Ривер Сонг Ривер Сонг,Тишина Вашта Нерада
Томас Броди-Сангстер.txt,,,
Томас Гектор Скофилд.txt,Шестой Доктор Седьмой Доктор,Эйс,
Тонкий лёд (ТВ история).txt,Двенадцатый Доктор,Нардол Билл Поттс,
Торчвуд (Big Finish).txt,,,
Торчвуд (значения).txt,,,
Трансдукционный барьер.txt,Первый Доктор,Лила,
Третья мировая война.txt,Девятый Доктор Десятый Доктор,Роза Тайлер Микки Смит,Сливины
Три Доктора.txt,Первый Доктор Второй Доктор Третий Доктор,,
Тринадцатый Доктор.txt,Двенадцатый Доктор Тринадцатый Доктор,Райан Синклер Джек Харкнесс Дэн Льюис,Мастер Птинг Стенз
Туда-сюда.txt,Седьмой Доктор,,
Тук-тук.txt,Двенадцатый Доктор,Нардол Билл Поттс,
Тумстоун.txt,Первый Доктор,Додо Чаплет,
Тэмсин Грег.txt,,,
Уайетт.txt,,,
Убить Доктора!.txt,,Лила,
Убить Луну.txt,Двенадцатый Доктор,Клара Освальд,
Увлавад Кудлак.txt,,,
Удача II.txt,,,
Ужас проклятой скалы.txt,,Лила,Сонтаранцы
Ужасная ночь Николы Теслы.txt,Тринадцатый Доктор,,
Узники времени.txt,Пятый Доктор,Лиз Шоу Лила Адрик Нисса Эйс Адам Митчелл,Мастер Ледяные воины Адам Митчелл Джудуны
Узники судьбы.txt,Пятый Доктор,Нисса,
Узри ворона.txt,Двенадцатый Доктор,Клара Освальд,
Уивилы.txt,,,
Уильям Расселл.txt,Первый Доктор,,
Укравшие у саиф.txt,,Романа I,
Улей Отдыха (ТВ история).txt,,Романа I Романа II,
Улыбнись.txt,Двенадцатый Доктор,Нардол Билл Поттс,
Университет имени Святого Луки.txt,Двенадцатый Доктор,Нардол Билл Поттс,
Уорик Дэвис.txt,,,
Упадок Экселиса.txt,Седьмой Доктор,,
Управление брэндом.txt,,,
Устройство таймонического синтеза.txt,,,
Утопия.txt,Десятый Доктор,Марта Джонс Джек Харкнесс,Мастер
Фадрос Паллуджика.txt,,,Великий Разум
ФайКорп.txt,,Джек Харкнесс,
Фактор Армагеддона.txt,,Романа I,
Фактор Пятилучника.txt,Пятый Доктор Шестой Доктор Седьмой Доктор Восьмой Доктор Девятый Доктор Десятый Доктор Одиннадцатый Доктор Двенадцатый Доктор Тринадцатый Доктор,,Далеки Киберлюди
Фамильяр ведьмы.txt,Двенадцатый Доктор,Ривер Сонг Клара Освальд Ривер Сонг,Даврос
Фантасмагория.txt,Пятый Доктор,,Сирены времени
Филип Хинчклифф.txt,,Лила,
Фитц Крейнер.txt,,,Мастер
Флаббл.txt,,,
Фракция Парадокс.txt,,,
Франк Армитидж.txt,,,
Фрима Аджиман.txt,,Марта Джонс,
Фронтиос (ТВ история).txt,Пятый Доктор,,
Хамелеонные Туры.txt,Второй Доктор,,
Хамелеоны (значения).txt,,,
Хватит лжи.txt,Восьмой Доктор,,
Хекуба.txt,Второй Доктор,Зои Хериот,
Хеликон Прайм (аудио история).txt,Второй Доктор,,
Холодная война (ТВ история).txt,Одиннадцатый Доктор,Клара Освальд,Ледяные воины
Холодная кровь.txt,Одиннадцатый Доктор,Эми Понд Рори Уильямс,
Холодный синтез (роман).txt,Пятый Доктор Седьмой Доктор,Адрик Нисса,Мастер
Хороший человек идёт на войну.txt,Одиннадцатый Доктор,Эми Понд Рори Уильямс Ривер Сонг Ривер Сонг,Киберлюди Тишина
Хранилище тайн.txt,,,Альянс Теней
Хроноворы.txt,Седьмой Доктор,,Мастер Сирены времени
Хуже некуда.txt,,,
Хэзер (Пилот).txt,Двенадцатый Доктор,Билл Поттс,
Хэллоуинский апокалипсис.txt,Тринадцатый Доктор,Дэн Льюис,Плачущие ангелы
Царство счастливых финалов.txt,Восьмой Доктор,,
Цветок памяти.txt,,,
Церковь (Время Доктора).txt,Одиннадцатый Доктор,Ривер Сонг Ривер Сонг,Тишина
Цикличное время.txt,Пятый Доктор,Нисса,
Чёрный архив.txt,,,
Чёрный Страж.txt,Пятый Доктор,,
Чан (Тёмная вода).txt,,,
Чарли Хейс.txt,,,
Чарльз Гордон.txt,,,
Часы Третьего Доктора.txt,Третий Доктор,,
Человеческая природа.txt,Десятый Доктор,Марта Джонс,
Череп - список появлений.txt,,,
Черил Фергюсон.txt,,,
Четвёртый Доктор.txt,Четвертый Доктор,Гарри Салливан Адрик Нисса,Мастер
Четверо в Судный день.txt,Пятый Доктор,Адрик Нисса,
Чума чёрных скорпионов.txt,Первый Доктор Пятый Доктор Шестой Доктор Седьмой Доктор Восьмой Доктор Девятый Доктор Десятый Доктор Одиннадцатый Доктор Двенадцатый Доктор Тринадцатый Доктор,,Киберлюди
Шада (аудио история).txt,Восьмой Доктор,Романа I Романа II,
Шада (значения).txt,,,
Шада (ТВ история).txt,,Романа I Романа II,
Шарлотта Поллард.txt,,,Мастер
Шестой Доктор.txt,Шестой Доктор,Пери Браун,Даврос Мастер
Шинейд Майкл.txt,,,
Школьное воссоединение.txt,Десятый Доктор,Роза Тайлер Микки Смит Сара Джейн Смит,
Шон Карлсен.txt,,,
Шон Паркс.txt,,,
Шоу уродов.txt,Пятый Доктор,,
Шоуни Ямагучи.txt,,,
Шторм ангелов (аудио история).txt,Первый Доктор,,
Штормовое предупреждение.txt,Восьмой Доктор,,
Эволюция далеков.txt,Десятый Доктор,Марта Джонс,Далеки
Эдвард Солт.txt,,,
Экксилон.txt,Третий Доктор,Сара Джейн Смит,
Экспедиция Дайдуса.txt,Первый Доктор Пятый Доктор Шестой Доктор Седьмой Доктор Восьмой Доктор Девятый Доктор Десятый Доктор Одиннадцатый Доктор Двенадцатый Доктор Тринадцатый Доктор,,Киберлюди
Эксперимент Лазаруса.txt,Десятый Доктор,Марта Джонс,
Эксперимент сонтаранца.txt,,,
Элемент апокалипсиса.txt,,,
Элизабет Гантри.txt,,,Мастер
Эль Акир.txt,,,
Эми Понд - список появлений.txt,,Эми Понд,
Эми Понд.txt,Одиннадцатый Доктор,Эми Понд Рори Уильямс Ривер Сонг Ривер Сонг,Далеки Вашта Нерада
Эминенс.txt,Шестой Доктор,,Мастер
Эндрю Феттс.txt,,,
Эндрю Хейден-Смит.txt,,,
Энергетический бластер.txt,Десятый Доктор Одиннадцатый Доктор,Роза Тайлер Микки Смит,Киберлюди
Юбилей (аудио история).txt,Шестой Доктор,,Далеки
Ядовитые моря.txt,,,Морские дьяволы
Ярость из глубины.txt,Второй Доктор,,
Ясмин Кан.txt,,Эйс Дэн Льюис,
