URL,Name,Doctor,Companions,Author,Director,Producer,Data,Content
https://tardis.fandom.com/ru/wiki/%D0%9A%D0%BE%D0%BB%D0%BE%D0%BD%D0%B8%D1%8F_%D0%B2_%D0%BA%D0%BE%D1%81%D0%BC%D0%BE%D1%81%D0%B5,"
					Колония в космосе				",Третий Доктор,Джо Грант,Малкольм Халк,Майкл Брайант,Барри Леттс,10 апреля - 15 мая 1971,"Колония в космосе Colony in Space Доктор Кто : 8 сезон 4 серия Доктор: Третий Доктор Спутники: Джо Грант Враги: Мастер , капитан Дент Камео: Бригадир , Повелители Времени Место: Уксареус , корабль IMC и ТАРДИС Мастера - март 2472 ТАРДИС Доктора Земля - Англия - штаб UNIT - 1970-е Производственная информация Автор: Малкольм Халк Режиссёр: Майкл Брайант Продюсер: Барри Леттс Номер: 58 Дата выхода: 10 апреля - 15 мая 1971 Формат: 6 эпизодов по 25 мин. Официальный трейлер Отрывок Доктор Кто ← Предыдущее Следующее → Когти Аксоса Демоны Колония в космосе — 4 серия 8 сезона сериала « Доктор Кто », состоящая из 6 эпизодов, показанных в период с 10 апреля по 15 мая 1971 года. Здесь было показано первое путешествие Третьего Доктора на ТАРДИС за пределы Земли, первое знакомство Джо Грант с внутренним измерением ТАРДИС , а также представлен новый вариант консольной комнаты машины времени. Это первая цветная серия « Доктора Кто », где показан инопланетный мир. Здесь произошло первое путешествие во времени Доктора со спутником со времён последней серии Второго Доктора - « Военные игры » (1969), а также первый визит Джо на другую планету. Это четвёртая серия с Мастером в исполнении Роджера Дельгадо , а также первая серия, в которой Повелители Времени посылают Доктора на конкретную миссию - остановить Мастера. Кроме того, здесь показана новая модель звуковой отвёртки Доктора. Серия представила организацию IMC , которая будет фигурировать в нескольких других историях расширенной вселенной . Повелители Времени узнают, что Мастер украл засекреченные файлы оружия Судного Дня, и решают послать Доктора остановить его планы на планете Уксареус, где обосновалась небольшая земная колония, конфликтующая с горнодобывающей корпорацией и примитивными местными жителями. следует дополнить следует дополнить следует дополнить следует дополнить следует дополнить следует дополнить "
https://tardis.fandom.com/ru/wiki/%D0%94%D0%B5%D0%BC%D0%BE%D0%BD%D1%8B_(%D0%A2%D0%92_%D0%B8%D1%81%D1%82%D0%BE%D1%80%D0%B8%D1%8F),"
					Демоны (ТВ история)				",Третий Доктор,Джо Грант,Роберт Сломан,Кристофер Барри,Барри Леттс,22 мая - 19 июня 1971,"Демоны The Dæmons Доктор Кто : 8 сезон 5 серия Доктор: Третий Доктор Спутники: Джо Грант Участвуют: UNIT , Бригадир , Йейтс , Бентон Мисс Хоторн , Том Осгуд Враги: Мастер , Азал , Бок Место: Земля - Англия - Тупик Дьявола - с 30 апреля по 1 мая, 1970-е Производственная информация Автор: Роберт Сломан Барри Леттс Режиссёр: Кристофер Барри Продюсер: Барри Леттс Номер: 59 Дата выхода: 22 мая - 19 июня 1971 Формат: 5 эпизодов по 25 мин. Официальный трейлер Отрывок Доктор Кто ← Предыдущее Следующее → Колония в космосе День далеков Демоны — 5 и последняя серия 8 сезона сериала « Доктор Кто », состоящая из 5 эпизодов, показанных в период с 22 мая по 19 июня 1971 года. Сюжет развивается в небольшой английской деревне, где Третий Доктор , Джо Грант и UNIT сталкиваются с пробуждающимися древними демоническими силами. Это пятая история с участием Мастера в исполнении Роджера Дельгадо , который появлялся на протяжении всего сезона, став главным противником Доктора. Доктор пытается остановить раскопки в английской деревушке, которые угрожают вызвать древнюю могущественную силу. следует дополнить следует дополнить следует дополнить следует дополнить следует дополнить "
https://tardis.fandom.com/ru/wiki/%D0%94%D0%B5%D0%BD%D1%8C_%D0%B4%D0%B0%D0%BB%D0%B5%D0%BA%D0%BE%D0%B2,"
					День далеков				",Третий Доктор,Джо Грант,Луис Маркс,Пол Бернард,Барри Леттс,1-22 января 1972,"День далеков Day of the Daleks Доктор Кто : 9 сезон 1 серия Доктор: Третий Доктор Спутники: Джо Грант Участвуют: UNIT , Бригадир , Йейтс , Бентон Враги: Далеки , огроны Место: Земля - Англия - Лондон и Дом Одерли - 1970-е и альтернативный 22 век Производственная информация Автор: Луис Маркс Режиссёр: Пол Бернард Продюсер: Барри Леттс Номер: 60 Дата выхода: 1-22 января 1972 Формат: 4 эпизода по 25 мин. Официальный трейлер Доктор Кто ← Предыдущее Следующее → Демоны Проклятие Пеладона День далеков — 1 серия 9 сезона сериала « Доктор Кто », состоящая из 4 эпизодов, показанных в период с 1 по 22 января 1972 года. Сюжет серии рассказывает о противостоянии Третьего Доктора , Джо Грант и UNIT с далеками , показав альтернативное будущее Земли в 22 веке, откуда в 1970-е прибывает группа мятежников. Здесь впервые появляется раса огронов , обезьяноподобных прислужников далеков. Большинство фанатов были недовольны «неправильным» голосом далеков в этой серии, так что для выпуска серии на DVD в 2011 году их реплики были переозвучены Николасом Бриггсом , который является основным голосом далеков с 2000-х. Также для DVD-издания были добавлены новые спецэффекты, особенно дополняющие сцену атаки далеков на поместье, которой была недовольна оригинальная съёмочная команда. Чтобы предотвратить будущее, в переломный момент 20 века прибывают мятежники с Земли 22 века, захваченной далеками. следует дополнить следует дополнить следует дополнить следует дополнить "
https://tardis.fandom.com/ru/wiki/%D0%9F%D1%80%D0%BE%D0%BA%D0%BB%D1%8F%D1%82%D0%B8%D0%B5_%D0%9F%D0%B5%D0%BB%D0%B0%D0%B4%D0%BE%D0%BD%D0%B0,"
					Проклятие Пеладона				",Третий Доктор,Джо Грант,Брайан Хейлс,Ленни Мэйн,Барри Леттс,29 января - 19 февраля 1972,"Проклятие Пеладона The Curse of Peladon Доктор Кто : 9 сезон 2 серия Доктор: Третий Доктор Спутники: Джо Грант Участвуют: Альфа Центавра , Пеладон , Ледяные воины , Агеддор Враги: Арктурус , Хепеш Место: Пеладон - 3885 год Производственная информация Автор: Брайан Хейлс Режиссёр: Ленни Мэйн Продюсер: Барри Леттс Номер: 61 Дата выхода: 29 января - 19 февраля 1972 Формат: 4 эпизода по 25 мин. Официальный трейлер Отрывок Доктор Кто ← Предыдущее Следующее → День далеков Морские дьяволы Проклятие Пеладона — 2 серия 9 сезона сериала сериала « Доктор Кто », состоящая из 4 эпизодов, показанных в период с 29 января по 19 февраля 1972 года. Здесь было показано путешествие Третьего Доктора и Джо Грант на планету Пеладон , где они оказываются во время переговоров о вступлении планеты в Галактическую Федерацию . В этой серии впервые появляется инсектоидный делегат Альфа Центавра , который в будущем будет участвовать ещё в паре историй. Также здесь возвращается раса Ледяных воинов , представленная на Пеладоне делегатами. В последний раз до этой истории Ледяные воины появлялись в серии « Семена смерти » (1969). Это первый сюжет, в котором они выступают не в качестве противников Доктора, а как его союзники в борьбе с общей проблемой. Данная серия примечательна как первая с Третьим Доктором, в которой полностью отсутствуют Бригадир , UNIT и вообще планета Земля . Доктор и Джо совершают испытательный полет, в результате которого приземляются на планете Пеладон. Ища жильё, они вступают в цитадель к готовящемуся к коронации правителю Пеладона, который ошибочно принимает Доктора за человеческого сановника. Он предлагает ему выступать в качестве председателя комитета для рассмотрения заявки планеты Пеладон о присоединении к Галактической Федерации. следует дополнить следует дополнить следует дополнить следует дополнить "
https://tardis.fandom.com/ru/wiki/%D0%9C%D0%BE%D1%80%D1%81%D0%BA%D0%B8%D0%B5_%D0%B4%D1%8C%D1%8F%D0%B2%D0%BE%D0%BB%D1%8B_(%D0%A2%D0%92_%D0%B8%D1%81%D1%82%D0%BE%D1%80%D0%B8%D1%8F),"
					Морские дьяволы (ТВ история)				",Третий Доктор,Джо Грант,Малкольм Халк,Майкл Брайант,Барри Леттс,26 февраля - 1 апреля 1972,"Морские дьяволы The Sea Devils Доктор Кто : 9 сезон 3 серия Доктор: Третий Доктор Спутники: Джо Грант Враги: Мастер , Морские дьяволы Место: Земля - Англия - Остров-Крепость и Лихоморье - 1970-е Производственная информация Автор: Малкольм Халк Режиссёр: Майкл Брайант Продюсер: Барри Леттс Номер: 62 Дата выхода: 26 февраля - 1 апреля 1972 Формат: 6 эпизодов по 25 мин. Официальный трейлер Отрывок Доктор Кто ← Предыдущее Следующее → Проклятие Пеладона Мутанты Морские дьяволы — 3 серия 9 сезона сериала « Доктор Кто », состоящая из 6 эпизодов, показанных в период с 26 февраля по 1 апреля 1972 года. Сюжет серии рассказывает о противостоянии Третьего Доктора и Джо Грант с Мастером во время его побега из британской тюрьмы и пробуждения древней расы Морских дьяволов . Во время визита к Мастеру в его тюрьму на острове, Доктору и Джо рассказывают, что неподалеку исчезают корабли. Доктору становится любопытно и он узнает, что из спячки вышли морские дьяволы - водные родственники силурианцев. следует дополнить следует дополнить следует дополнить следует дополнить следует дополнить следует дополнить "
https://tardis.fandom.com/ru/wiki/%D0%9C%D1%83%D1%82%D0%B0%D0%BD%D1%82%D1%8B,"
					Мутанты				",Третий Доктор,Джо Грант,Боб Бейкер,Кристофер Барри,Барри Леттс,8 апреля - 13 мая 1972,"Мутанты The Mutants Доктор Кто : 9 сезон 4 серия Доктор: Третий Доктор Спутники: Джо Грант Враги: Маршал Солоса , Ейгер Место: Небесная База Один и Солос - 30 век Небольшая сцена : Земля - Англия - штаб UNIT - 1970-е Производственная информация Автор: Боб Бейкер Дэйв Мартин Режиссёр: Кристофер Барри Продюсер: Барри Леттс Номер: 63 Дата выхода: 8 апреля - 13 мая 1972 Формат: 6 эпизодов по 25 мин. Официальный трейлер Доктор Кто ← Предыдущее Следующее → Морские дьяволы Временной монстр Мутанты — 4 серия 9 сезона сериала « Доктор Кто », состоящая из 6 эпизодов, показанных в период с 8 апреля по 13 мая 1972 года. Сюжет рассказывает о миссии Третьего Доктора и Джо Грант на космическую станцию над планетой Солос , где назревает конфликт между деспотическим правлением с Земли и местными «мутантами». Повелители Времени посылают Доктору и Джо капсулу с важным сообщением, с условием, что её сможет открыть только тот, кому она адресована. Они прибывают на земную космическую колониальную станцию над негостеприимной планетой Солос, которая населена расой, называемой мутантами, и атмосфера которой ядовита. Они выясняют, что Солос находится под тираническим гнётом Маршала, который планирует преобразовать атмосферу планеты в пригодную для жизни людей, убив при этом всех её жителей. следует дополнить следует дополнить следует дополнить следует дополнить следует дополнить следует дополнить "
https://tardis.fandom.com/ru/wiki/%D0%92%D1%80%D0%B5%D0%BC%D0%B5%D0%BD%D0%BD%D0%BE%D0%B9_%D0%BC%D0%BE%D0%BD%D1%81%D1%82%D1%80,"
					Временной монстр				",Третий Доктор,Джо Грант,Роберт Сломан,Пол Бернард,Барри Леттс,20 мая - 24 июня 1972,"Временной монстр The Time Monster Доктор Кто : 9 сезон 5 серия Доктор: Третий Доктор Спутники: Джо Грант Участвуют: Бригадир , Бентон , Йейтс , UNIT Враги: Мастер Место: Земля - Англия - Вуттон - 1970-е ТАРДИС Доктора и Мастера Атлантида ~1500 год до н.э. Производственная информация Автор: Роберт Сломан Барри Леттс Режиссёр: Пол Бернард Продюсер: Барри Леттс Номер: 64 Дата выхода: 20 мая - 24 июня 1972 Формат: 6 эпизодов по 25 мин. Официальный трейлер Отрывок Доктор Кто ← Предыдущее Следующее → Мутанты Три Доктора Временной монстр (англ. The Time Monster ) — 5 и последняя серия 9 сезона сериала « Доктор Кто » , показанная с 20 мая по 24 июня 1972 года. Это предпоследняя серия с участием Мастера в исполнении Роджера Дельгадо , и последняя, где он противостоит Доктору и ЮНИТ на «современной» Земле. Здесь было предоставлено ещё одно объяснение затопления Атлантиды . В серии был показан новый дизайн консольной комнаты ТАРДИС и Доктора, и Мастера, которые отличались лишь центральным механизмом на консоли. Новая версия «кругляшек» большинству не понравилась, и съёмочный павильон был повреждён перед съёмками 10 сезона, так что ТАРДИС вернули дизайн, более приближенный к оригинальному. Доктор проводит эксперименты по обнаружению возмущения во времени для быстрого обнаружения ТАРДИС Мастера, если он вдруг решится появиться на Земле. Это приводит Доктора на научное собрание, где профессор Таскалес проводит эксперимент по путешествию предметов сквозь времена. На самом деле, оказывается, что этот профессор и есть Мастер, а этот эксперимент ему нужен, чтобы вызвать ужасное существо, самый страшный из хроноворов — Кроноса — заключённое во временную тюрьму. следует добавить следует добавить следует добавить следует добавить следует добавить следует добавить "
https://tardis.fandom.com/ru/wiki/%D0%A2%D1%80%D0%B8_%D0%94%D0%BE%D0%BA%D1%82%D0%BE%D1%80%D0%B0,"
					Три Доктора				",Третий Доктор,Джо,Боб Бейкер,Ленни Мэйн,Барри Леттс,30 декабря 1972 - 20 января 1973,"Три Доктора The Three Doctors Доктор Кто : 10 сезон 1 серия Доктор: Третий Доктор Второй Доктор Спутники: Джо , Бригадир , Бентон Участвуют: Первый Доктор , Повелители Времени , UNIT Враги: Омега Место: Земля - Англия - 1970-е Галлифрей Вселенная анти-материи ТАРДИС Доктора Производственная информация Автор: Боб Бейкер Дэйв Мартин Режиссёр: Ленни Мэйн Продюсер: Барри Леттс Номер: 65 Дата выхода: 30 декабря 1972 - 20 января 1973 Формат: 4 эпизода по 25 мин. Официальный трейлер Отрывок Доктор Кто ← Предыдущее Следующее → Временной монстр Карнавал монстров Три Доктора (англ. The Three Doctors ) — 1 серия 10 сезона « Доктора Кто », показанная с 30 декабря 1972 по 20 января 1973 года и приуроченная к 10-летнему юбилею сериала. Эта первая серия, в которой участвовали сразу несколько Докторов. Однако активно принимали участие только Второй и Третий — Уильям Хартнелл , исполнявший роль Первого Доктора , всего несколько раз появлялся на заранее записанных клипах из-за своей болезни. Здесь произошло первое появление Омеги , одного из основателей цивилизации Повелителей Времени . Данная серия завершает сюжетную арку изгнания Доктора на Земле, которая началась в конце серии « Военные игры » (1969) - Повелители Времени возвращают Доктору способность управлять ТАРДИС и свободно путешествовать во времени, хотя он продолжит ещё два сезона проводить время на Земле с UNIT. Это единственная серия « Доктора Кто », в которой снялись все актёры, когда-либо игравшие Доктора в сериале (на момент её выхода). В следующей «мульти-докторовской» серии, « Пять Докторов » (1983), роль Первого Доктора исполнил Ричард Харндалл , так как Уильям Хартнелл уже скончался, а Том Бейкер и вовсе отказался сниматься. На момент съёмок юбилейного мини-эпизода « Измерения во времени » (1993) умер и Патрик Траутон . Хоть Траутон и появится ещё в нескольких будущих сериях, для Хартнелла это было последнее появление в роли Доктора. Неизвестные силы перемещают энергию родной планеты Повелителей Времени — Галлифрея во вселенную анти-материи . Для разрешения проблемы было принято решение собрать вместе три воплощения Доктора. Вместе им предстоит противостоять могущественному легендарному Повелителю Времени — Омеге . следует добавить следует добавить следует добавить следует добавить "
https://tardis.fandom.com/ru/wiki/%D0%9A%D0%B0%D1%80%D0%BD%D0%B0%D0%B2%D0%B0%D0%BB_%D0%BC%D0%BE%D0%BD%D1%81%D1%82%D1%80%D0%BE%D0%B2,"
					Карнавал монстров				",Третий Доктор,Джо Грант,Роберт Холмс,Барри Леттс,Барри Леттс,27 января - 17 февраля 1973,"Карнавал монстров Carnival of Monsters Доктор Кто : 10 сезон 2 серия Доктор: Третий Доктор Спутники: Джо Грант Враги: Калик , драшиги Камео: Огроны , киберлюди Место: Малая Интер Минископ Земля - корабль Бернис в Индийском океане - 1926 Производственная информация Автор: Роберт Холмс Режиссёр: Барри Леттс Продюсер: Барри Леттс Номер: 66 Дата выхода: 27 января - 17 февраля 1973 Формат: 4 эпизода по 25 мин. Официальный трейлер Отрывок Доктор Кто ← Предыдущее Следующее → Три Доктора Граница в космосе Карнавал монстров — 2 серия 10 сезона сериала « Доктор Кто », показанная с 27 января по 17 февраля 1973 года. В истории показано первое путешествие Третьего Доктора и Джо Грант после окончания ссылки Доктора на Земле, что произошло в предыдущей серии . Роль одного из второстепенных персонажей играет Йен Мартер , позже сыгравший роль Гарри Салливана , спутника Четвёртого Доктора . Также в серии произошло камео огронов и киберлюдей . Появление последних примечательно тем, что оно делает « Карнавал монстров » единственной серией эры Джона Пертви с их участием. В будущем Третий Доктор ещё будет противостоять киберлюдям в юбилейном спецвыпуске « Пять Докторов » (1983) и в историях расширенной вселенной . ТАРДИС, как это кажется на первый взгляд, материализуется на корабле в Индийском океане в 1920-х. Доктор и Джо вскоре замечают, что события повторяются снова и снова… следует добавить следует добавить следует добавить следует добавить "
https://tardis.fandom.com/ru/wiki/%D0%93%D1%80%D0%B0%D0%BD%D0%B8%D1%86%D0%B0_%D0%B2_%D0%BA%D0%BE%D1%81%D0%BC%D0%BE%D1%81%D0%B5,"
					Граница в космосе				",Третий Доктор,Джо Грант,Малкольм Халк,Пол Бернард,Барри Леттс,24 февраля - 31 марта 1973,"Граница в космосе Frontier in Space Доктор Кто : 10 сезон 3 серия Доктор: Третий Доктор Спутники: Джо Грант Участвуют: Драконианцы Враги: Мастер , огроны , далеки Место: Земля , Луна , Дракония , Планета огронов и космические корабли - 2540 год ТАРДИС Доктора Производственная информация Автор: Малкольм Халк Режиссёр: Пол Бернард Продюсер: Барри Леттс Номер: 67 Дата выхода: 24 февраля - 31 марта 1973 Формат: 6 эпизодов по 25 мин. Официальный трейлер Отрывок Доктор Кто ← Предыдущее Следующее → Карнавал монстров Планета далеков Граница в космосе — 3 серия 10 сезона сериала « Доктор Кто », показанная с 24 февраля по 31 марта 1973 года. Здесь произошло возвращение Мастера , огронов и далеков , а также первое появление драконианцев . Концовка последнего эпизода ведёт прямо в следующую серию , которая связана с ней и сюжетно, что редко для формата, который был у сериала в 1970-х. Роджер Дельгадо в последний раз исполнил роль Мастера, хотя данная серия и не задумывалась для него финальной - актёр погиб в автокатастрофе в июне 1973 года, из-за чего сценарий « Финальной игры » (запланированной последней серии Третьего Доктора) не удалось воплотить в жизнь. Также это повлекло за собой отсутствие персонажа в сериале вплоть до « Беспощадного убийцы » (1976), где, исполненный Питером Праттом , он был показан в конце своего регенерационного цикла . Серия также примечательна «возвращением» новой модели звуковой отвёртки , представленной ещё в « Колонии в космосе » (1971). Данная отвёртка оставалась с Доктором вплоть до его пятого воплощения , когда она была намеренно выведена из сериала в « Каре » (1982). Частые нападения на космические корабли угрожают развалу союза между Землей и Драконией, но Доктор подозревает, что тут замешана третья сторона, которая пытается развязать войну. следует добавить следует добавить следует добавить следует добавить следует добавить следует добавить "
https://tardis.fandom.com/ru/wiki/%D0%9F%D0%BB%D0%B0%D0%BD%D0%B5%D1%82%D0%B0_%D0%B4%D0%B0%D0%BB%D0%B5%D0%BA%D0%BE%D0%B2,"
					Планета далеков				",Третий Доктор,Джо Грант,Терри Нейшн,Дэвид Мэлоуни,Барри Леттс,7 апреля - 12 мая 1973,"Планета далеков Planet of the Daleks Доктор Кто : 10 сезон 4 серия Доктор: Третий Доктор Спутники: Джо Грант Участвуют: Талы Враги: Далеки Место: Спиридон - 26 век ТАРДИС Доктора Производственная информация Автор: Терри Нейшн Режиссёр: Дэвид Мэлоуни Продюсер: Барри Леттс Номер: 68 Дата выхода: 7 апреля - 12 мая 1973 Формат: 6 эпизодов по 25 мин. Официальный трейлер Отрывок Доктор Кто ← Предыдущее Следующее → Граница в космосе Зелёная смерть Планета далеков — 4 серия 10 сезона сериала « Доктор Кто », показанная с 7 апреля по 12 мая 1973 года. История является прямым продолжением « Границы в космосе » - Третий Доктор и Джо прибывают на планету Спиридон , узнав о скрытой там армии далеков . Здесь произошло возвращение талов , которых Первый Доктор встретил в серии « Далеки » (1963-64), а также отображено то наследие, что он оставил в их культуре. Это первый сценарий Терри Нейшна для « Доктора Кто » со времён рождественского эпизода « Праздник Стивена » из « Генерального плана далеков » (1965), и первая серия, снятая режиссёром Дэвидом Мэлоуни со времён « Военных игр » (1969). Доктор впадает в глубокую кому, после чего ТАРДИС приземляется на планете Спиридон. Джо отправляется на поиски помощи, но получает быстроразвивающуюся грибковую инфекцию, которая может привести к гибели. Однако, Джо спасает Вестер - невидимый спиридонец. Доктор выходит из комы и встречает группу старых знакомых - талов - которые рассказывают, что где-то на этой планете затаилась армия далеков. следует добавить следует добавить следует добавить следует добавить следует добавить следует добавить "
https://tardis.fandom.com/ru/wiki/%D0%97%D0%B5%D0%BB%D1%91%D0%BD%D0%B0%D1%8F_%D1%81%D0%BC%D0%B5%D1%80%D1%82%D1%8C,"
					Зелёная смерть				",Третий Доктор,Джо Грант,Роберт Сломан,Майкл Брайант,Барри Леттс,19 мая - 23 июня 1973,"Зелёная смерть The Green Death Доктор Кто : 10 сезон 5 серия Доктор: Третий Доктор Спутники: Джо Грант Участвуют: Бригадир , Йейтс , Бентон , UNIT , Клиффорд Враги: БОСС , Стивенс Место: Земля - Уэльс : Лланфейрфач и Англия : Лондон - 1970-е Метабилис III Производственная информация Автор: Роберт Сломан Барри Леттс Режиссёр: Майкл Брайант Продюсер: Барри Леттс Номер: 69 Дата выхода: 19 мая - 23 июня 1973 Формат: 6 эпизодов по 25 мин. Официальный трейлер Отрывок Доктор Кто ← Предыдущее Следующее → Планета далеков Воин времени Зелёная смерть — 5 и последняя серия 10 сезона сериала « Доктор Кто », показанная с 19 мая по 23 июня 1973 года. Это последняя серия с участием Кэти Мэннинг в роли Джо Грант , которая прощается с Доктором в конце серии. Кэти Мэннинг больше не появится в сериале, однако запишет множество аудиопьес Big Finish и снова сыграет Джо в серии « Приключений Сары Джейн », где она встретит Одиннадцатого Доктора . То, что в этой серии пережил Майк Йейтс , повлечёт за собой события серии « Вторжение динозавров » (1974). Кроме того, здесь показано путешествие Доктора на планету Метабилис III , откуда он забрал необычный кристалл, который будет важен для финальной серии Третьего Доктора - « Планета пауков » (1974). История была создана по идее продюсера Барри Леттса и редактора сценариев Терранса Дикса , которые хотели написать сюжет, привлекающий внимание к экологической проблеме Земли и защите окружающей среды. Загадочные смерти среди шахтёров маленькой деревушки в Уэльсе привлекает внимание остального мира - кожа мёртвых приобретает странное зелёное свечение. Доктор , Джо и Бригадир скоро понимают, что в этом замешан местный химический завод Global Chemicals и суперкомпьютер, связанный с его производством. "
https://tardis.fandom.com/ru/wiki/%D0%92%D0%BE%D0%B8%D0%BD_%D0%B2%D1%80%D0%B5%D0%BC%D0%B5%D0%BD%D0%B8,"
					Воин времени				",Третий Доктор,Сара Джейн Смит,Роберт Холмс,Алан Бромли,Барри Леттс,15 декабря 1973 - 5 января 1974,"Воин времени The Time Warrior Доктор Кто : 11 сезон 1 серия Доктор: Третий Доктор Спутники: Сара Джейн Смит Участвуют: Бригадир , UNIT Враги: Линкс , Айронгрон Место: Земля - Англия - 13 век и 1970-е Производственная информация Автор: Роберт Холмс Режиссёр: Алан Бромли Продюсер: Барри Леттс Номер: 70 Дата выхода: 15 декабря 1973 - 5 января 1974 Формат: 4 эпизода по 25 мин. Официальный трейлер Доктор Кто ← Предыдущее Следующее → Зелёная смерть Вторжение динозавров Воин времени — 1 серия 11 сезона сериала « Доктор Кто », показанная с 15 декабря 1973 по 5 января 1974 года. Здесь произошло первое появление Элизабет Слейден в роли Сары Джейн Смит , а также впервые была показана раса сонтаранцев и было упомянуто название родной планеты Доктора - Галлифрей . Кроме того, здесь впервые появляется новая версия заставки - музыкальная тема сохранилась прежней, а визуальные эффекты и логотип изменился. Данная заставка сохранится только в 11 сезоне, однако эффект «временного туннеля» и логотип останутся в 12-17 сезонах при Четвёртом Докторе . Редактор сценариев Терранс Дикс поставил Роберту Холмсу задачу написать серию в средневековом замке, что предполагалось как трудная задача. В 1977 году Холмс будет на посту редактора сценариев и предложит Диксу написать сценарий, расположенный на маяке, из чего родится « Ужас проклятой скалы ». С исследовательской станции начинают без следа исчезать сотрудники. Доктор подозревает, что их что-то перемещает назад во времени. Увидев во время одного из исчезновений тень сонтаранского воина, он понимает, что его предположения верны. В Англии XIII века бандит Айронгрон и его помощник Бладакс вместе с их сбродом преступников нашли разбившийся космический корабль сонтаранца по имени Линкс. Пришелец предлагает Айронгрону «магическое оружие», которое сделает его королём в обмен на жильё, пока он будет ремонтировать свой корабль. Айронгрон соглашается, хоть и подозревает нечто неладное. Прибытие «звёздного воина» В современной Англии Третий Доктор и Бригадир Летбридж-Стюарт расследуют исчезновение нескольких учёных из секретных научных исследовательских комплексов. Они не догадываются, что учёных похитил Линкс, используя осмиевый проектор для телепортации на 800 лет назад - после чего он загипнотизировал их и велел ремонтировать его корабль. Во время расследования Доктор знакомится с эксцентричным ученым Рубишем и юной журналисткой по имени Сара Джейн Смит, проникшей в комплекс под видом своей тёти — вирусолога Лавинии Смит. Вечером того же дня Рубиш исчезает. Доктор, используя собранные данные, направляет ТАРДИС в 13-й век, не замечая присутствия Сары на борту. Айронгрону и его банде удаётся захватить замок местных богачей, чем он навлёк на себя гнев соседей - лорд Эдвард Уэссекский инициировал создание союза против Айронгрона и послал лучника Хала миссию: убить Айронгрона. Айронгрон находился в дурном настроении, когда перед ним предстаёт захваченная Сара. Его настроение улучшается, когда Линкс дарит ему рыцаря-робота, навыки которого он испытывает на пленённом Хале. Доктор останавливает робота, выбив у Айронгрона пульт управления, позволяя Халу и Саре бежать в замок лорда Уэссекского. Айронгрон проверяет подарок Линкса Только сейчас Доктор понимает, что Сара пробралась в его машину времени и находилась в плену Айронгрона. На следующее утро Айронгрон с войском попытались штурмовать замок лорда Уэссекского с помощью поставленного Линксом оружия, но атака отталкивается при помощи хитрости Доктора. Провал испортил отношения между Линксом и Айронгроном, ухудшившиеся после фиаско рыцаря-робота и моментом, когда Айронгрон увидел лицо сонтаранца под маской. Тогда Доктор решает провести штурм замка Айронгрона. Притворившись монахами, они с Сарой тайком проходят внутрь, после чего находят похищенных учёных в состоянии крайнего истощения, среди них и знакомый профессор Рубиш. Армия Айронгрона атакует замок лорда Уэссекского Линкс снова ловит Доктора в лаборатории, но оказывается оглушён после атаки Рубиша прямо по главной слабости сонтаранцев — отверстия для пропитания на задней части шеи. Доктор и Рубиш используют осмиевый проектор для отправки учёных обратно в родное время. Тем временем Сара, притворившись кухаркой в замке Айронгрона, подсыпает снотворное в еду воинам и самому Айронгрону, на время вырубая их. Новая команда ТАРДИС Восстановленный Линксом корабль готов к отлёту, но он снова встречает Доктора, и в самом пике их битвы в лабораторию врывается разгневанный Айронгрон, обвиняя сонтаранца в предательстве. Линкс просто убивает Айронгрона, так как он больше ему не нужен. Как только сонтаранец входит в корабль, Хал стреляет в его отверстие на шее. Павший замертво сонтаранец запускает корабль, и тот готовится ко взлёту. Проснувшийся Бладакс пытается будить остальных разбойников, осознавая, что замок вот-вот взорвётся. Доктор и Саре удаётся выбраться перед взрывом, после чего они прощаются с лучником Халом и улетают на ТАРДИС. В 1989 году серия была выпущена в формате VHS, не включающая в себя полную версию сцены захваты Сары в начале второго эпизода. DVD-релиз серии состоялся 3 сентября 2007 года. Также серия была выпущена как часть бокс-сета « Сонтаранская коллекция », вместе с сериями « Эксперимент сонтаранца », « Временное вторжение » и « Два Доктора ». Новеллизация серии, написанная Террансом Диксом, была опубликована в июне 1978 года. Сначала Роберту Холмсу было поручено написать всю книгу, но, написав пролог, он послал его Террансу Диксу с просьбой закончить. Вследствие этого Холмсу не причисляют авторство книги. Аудиокнига вышла в феврале 2009 года. Её зачитал Джереми Буллок, сыгравший лучника Хала в серии. "
https://tardis.fandom.com/ru/wiki/%D0%92%D1%82%D0%BE%D1%80%D0%B6%D0%B5%D0%BD%D0%B8%D0%B5_%D0%B4%D0%B8%D0%BD%D0%BE%D0%B7%D0%B0%D0%B2%D1%80%D0%BE%D0%B2,"
					Вторжение динозавров				",Третий Доктор,Сара Джейн Смит,Малкольм Халк,Пэдди Расселл,Барри Леттс,12 января - 16 февраля 1974,"Вторжение динозавров Invasion of the Dinosaurs Доктор Кто : 11 сезон 2 серия Доктор: Третий Доктор Спутники: Сара Джейн Смит Участвуют: Бригадир , Бентон , UNIT Враги: Генерал Финч , профессор Уитакер , Чарльз Гровер , Йейтс Место: Земля - Англия - Лондон - 1974 Производственная информация Автор: Малкольм Халк Режиссёр: Пэдди Расселл Продюсер: Барри Леттс Номер: 71 Дата выхода: 12 января - 16 февраля 1974 Формат: 6 эпизодов по 25 мин. Официальный трейлер Отрывок Доктор Кто ← Предыдущее Следующее → Воин времени Смерть далекам Вторжение динозавров — 2 серия 11 сезона сериала « Доктор Кто », показанная с 12 января по 16 февраля 1974 года. Здесь показано возвращение Третьего Доктора и Сары Джейн в современный Лондон, где они сталкиваются с опустевшим городом и нашествием динозавров из прошлого, а также воссоединяются с командой UNIT и раскрывают заговор. В истории произошёл сюжетный поворот, связанный с предательством Майка Йейтса , который после событий серии « Зелёная смерть » (1973) встал на сторону антагонистов, поверив их убеждениям. Йейтс в последний раз вернётся в финале сезона . Здесь впервые появился новый футуристичный автомобиль Доктора - Ктомобиль (Whomobile), который стал результатом любви Джона Пертви к шпионской тематике и подобным гаджетам. Тем не менее, оригинальная машина Доктора, Бесси , останется его излюбленным выбором. Вернувшись назад в Лондон, Доктор и Сара находят его полностью опустошённым - в городе орудуют мародеры, а по улицам разъезжают военные. Неожиданно, их самих принимают за грабителей, но во время перевозки в тюрьму, на машину нападают динозавры… "
https://tardis.fandom.com/ru/wiki/%D0%A1%D0%BC%D0%B5%D1%80%D1%82%D1%8C_%D0%B4%D0%B0%D0%BB%D0%B5%D0%BA%D0%B0%D0%BC,"
					Смерть далекам				",Третий Доктор,Сара Джейн Смит,Терри Нейшн,Майкл Брайант,Барри Леттс,23 февраля - 16 марта 1974,"Смерть далекам Death to the Daleks Доктор Кто : 11 сезон 3 серия Доктор: Третий Доктор Спутники: Сара Джейн Смит Враги: Далеки Место: Экксилон - будущее ТАРДИС Доктора Производственная информация Автор: Терри Нейшн Режиссёр: Майкл Брайант Продюсер: Барри Леттс Номер: 72 Дата выхода: 23 февраля - 16 марта 1974 Формат: 4 эпизода по 25 мин. Официальный трейлер Доктор Кто ← Предыдущее Следующее → Вторжение динозавров Монстр Пеладона Смерть далекам — 3 серия 11 сезона сериала « Доктор Кто », показанная с 23 февраля по 16 марта 1974 года. Здесь было показано путешествие Третьего Доктора и Сары Джейн на планету Экксилон , где они встречают земную экспедицию, группу далеков и исследуют таинственный древний город. Это первое приключение Сары Джейн Смит за пределами Земли, а также её первая встреча с далеками. Когда ТАРДИС лишается всей своей энергии, Доктор и Сара Джейн застревают на планете Экксилон с враждебно настроенным местным населением, потерпевшей крушение командой с земной экспедиции и взводом далеков! Ключ к свободе лежит в сердце огромного таинственного города, однако путь преграждает множество ловушек… "
https://tardis.fandom.com/ru/wiki/%D0%9C%D0%BE%D0%BD%D1%81%D1%82%D1%80_%D0%9F%D0%B5%D0%BB%D0%B0%D0%B4%D0%BE%D0%BD%D0%B0,"
					Монстр Пеладона				",Третий Доктор,Сара Джейн Смит,Брайан Хейлс,Ленни Мэйн,Барри Леттс,23 марта - 27 апреля 1974,"Монстр Пеладона The Monster of Peladon Доктор Кто : 11 сезон 4 серия Доктор: Третий Доктор Спутники: Сара Джейн Смит Участвуют: Альфа Центавра Враги: Ледяные воины : Азаксир и Сскел ; Экерсли Место: Пеладон - 3935 год Производственная информация Автор: Брайан Хейлс Режиссёр: Ленни Мэйн Продюсер: Барри Леттс Номер: 73 Дата выхода: 23 марта - 27 апреля 1974 Формат: 6 эпизодов по 25 мин. Официальный трейлер Отрывок Доктор Кто ← Предыдущее Следующее → Смерть далекам Планета пауков Монстр Пеладона — 4 серия 11 сезона сериала « Доктор Кто », показанная с 23 марта по 27 апреля 1974 года. Здесь было показано путешествие Третьего Доктора и Сары Джейн на планету Пеладон , которую он ранее посещал в серии « Проклятие Пеладона » (1972). Здесь произошло последнее появление ледяных воинов на экране до их возвращения в серии « Холодная война » (2013). Хоть здесь и произошло последнее появление Пеладона в сериале, планета возвращалась в нескольких историях расширенной вселенной - аудиопьесы « Невеста Пеладона » (2008) и « Узник Пеладона » (2009), а также роман « Наследие » (1994) и аудио бокс-сет « Пеладон » (2022). Доктор возвращается на планету Пеладон, однако со времени его последнего визита прошло уже пятьдесят лет, и на троне сидит королева Талира, дочь покойного короля. Вражда между правящим классом и шахтёрами ухудшается, когда возникший из ниоткуда образ Аггедора убивает нескольких шахтёров. Галактическая Федерация нуждается в добыче трисиликата для войны против Галактики 5, и вскоре ледяные воины прибывают на планету, чтобы удостовериться в производстве. Тем временем Доктор раскрывает заговор, окружающий таинственное исчезновение Аггедора… следует добавить следует добавить следует добавить следует добавить следует добавить следует добавить "
https://tardis.fandom.com/ru/wiki/%D0%9F%D0%BB%D0%B0%D0%BD%D0%B5%D1%82%D0%B0_%D0%BF%D0%B0%D1%83%D0%BA%D0%BE%D0%B2,"
					Планета пауков				",Третий Доктор,Сара Джейн Смит,Роберт Сломан,Барри Леттс,Барри Леттс,4 мая - 8 июня 1974,"Планета пауков Planet of the Spiders Доктор Кто : 11 сезон 5 серия Доктор: Третий Доктор Спутники: Сара Джейн Смит Участвуют: Бригадир , Бентон , UNIT , Йейтс , К'анпо Ринпоче Враги: Восьминоги , Великая , Лаптон Камео: Четвёртый Доктор Место: Земля - Англия - 1970-е Метабилис III - будущее Производственная информация Автор: Роберт Сломан Барри Леттс Режиссёр: Барри Леттс Продюсер: Барри Леттс Номер: 74 Дата выхода: 4 мая - 8 июня 1974 Формат: 6 эпизодов по 25 мин. Официальный трейлер Отрывок Доктор Кто ← Предыдущее Следующее → Монстр Пеладона Робот Планета пауков — 5 и последняя серия 11 сезона сериала « Доктор Кто », показанная с 4 мая по 8 июня 1974 года. Здесь произошло последнее регулярное появление Джона Пертви в роли Третьего Доктора и последнее появление в сериале Ричарда Франклина в роли Майка Йейтса (не считая будущих камео), который после событий серии « Вторжение динозавров » перестал быть членом UNIT. В конце серии состоялся дебют Тома Бейкера в роли Четвёртого Доктора . Именно в этой истории впервые используется термин регенерация , хоть она и была показана уже ( почти ) дважды , а также появляется давний наставник Доктора по имени К'анпо Ринпоче , на которого он ссылался в серии « Временной монстр » (1972). Помимо Доктора в серии регенерирует и К'анпо, что делает « Планету пауков » первой историей с двойной регенерацией. Основной сюжет завязан на кристалле с планеты Метебилис III , который Доктор подарил Джо Грант в финале серии « Зелёная смерть » (1973). Майкл Йетс, который покинул UNIT, сообщает Саре Джейн о странном обществе буддистов на окраине Англии. Вскоре выясняется, что некая внеземная сила пытается забрать кристалл у Доктора, который он позаимствовал с планеты Метебилис III. следует добавить следует добавить следует добавить следует добавить следует добавить следует добавить "
https://tardis.fandom.com/ru/wiki/%D0%A0%D0%BE%D0%B1%D0%BE%D1%82,"
					Робот				",Четвёртый Доктор,Сара Джейн Смит,Терранс Дикс,Кристофер Барри,Барри Леттс,28 декабря 1974 - 18 января 1975,"Робот Robot Доктор Кто : 12 сезон 1 серия Доктор: Четвёртый Доктор Спутники: Сара Джейн Смит Участвуют: Бригадир , Бентон , Гарри , UNIT Враги: Научное реформаторское общество : Хильда Уинтерс и профессор Кэттлвелл ; К1 Место: Земля - Англия - 3-5 апреля в 1970-х Производственная информация Автор: Терранс Дикс Режиссёр: Кристофер Барри Продюсер: Барри Леттс Номер: 75 Дата выхода: 28 декабря 1974 - 18 января 1975 Формат: 4 эпизода по 25 мин. Официальный трейлер Отрывок Доктор Кто ← Предыдущее Следующее → Планета пауков Ковчег в космосе Робот — 1 серия 12 сезона сериала « Доктор Кто », показанная с 28 декабря 1974 по 18 января 1975 года. Это первая полноценная история с Томом Бейкером в роли Четвёртого Доктора , которая прямо продолжает концовку « Планеты пауков » (1974), в которой Третий Доктор регенерировал на глазах у Бригадира и Сары Джейн. Здесь произошло первое появление Йен Мартера в роли Гарри Салливана , который в конце серии присоединяется к команде ТАРДИС. Эта серия также является первой, над которой Роберт Холмс работал как редактор сценариев, и последняя, продюсером которой был Барри Леттс . Николас Кортни и Джон Левин в последний раз появились в ролях Бригадира и Бентона в качестве регулярных персонажей. Кортни ещё вернётся при Четвёртом Докторе в серии « Террор зайгонов » (1975), а затем исчезнет из сериала вплоть до возвращения в сериях « Мертвец Модрин », « Пять Докторов » (1983) и « Поле боя » (1989). Последнее сериальное появление Левина состоится в серии « Вторжение андроидов » (1975). История также стала одной из последних с регулярным участием UNIT - Доктор окончательно перестанет быть «научным консультантом» на постоянной основе с 14 сезона. Хильда Уинтерс , главный антагонист истории, вернётся в аудиосериале « Сара Джейн Смит » (2002) с планом отмщения за своё поражение в данной серии. К1 во второй раз появится в аудиопьесе « Реликвии Джегг-Сау » (2004) из сериала « Бернис Саммерфилд ». следует добавить следует добавить следует добавить следует добавить "
https://tardis.fandom.com/ru/wiki/%D0%9A%D0%BE%D0%B2%D1%87%D0%B5%D0%B3_%D0%B2_%D0%BA%D0%BE%D1%81%D0%BC%D0%BE%D1%81%D0%B5,"
					Ковчег в космосе				",Четвёртый Доктор,Сара Джейн,Роберт Холмс,Родни Беннетт,Филип Хинчклифф,25 января - 15 февраля 1975,"Ковчег в космосе The Ark in Space Доктор Кто : 12 сезон 2 серия Доктор: Четвёртый Доктор Спутники: Сара Джейн , Гарри Враги: Виррн Место: Нерва - 16 087 год Производственная информация Автор: Роберт Холмс Режиссёр: Родни Беннетт Продюсер: Филип Хинчклифф Номер: 76 Дата выхода: 25 января - 15 февраля 1975 Формат: 4 эпизода по 25 мин. Официальный трейлер Отрывок Доктор Кто ← Предыдущее Следующее → Робот Эксперимент сонтаранца Ковчег в космосе — 2 серия 12 сезона сериала « Доктор Кто », показанная с 25 января по 15 февраля 1975 года. История рассказывает о первом путешествии Четвёртого Доктора , которое прямо продолжает концовку « Робота », в которой Гарри Салливан присоединяется к экипажу ТАРДИС, и Доктор собирается доказать ему, что его полицейская будка действительно является машиной времени. Серия начинает сюжетную арку космической станции Нерва , продолжившуюся в сериях « Эксперимент сонтаранца », « Происхождение далеков » и « Месть киберлюдей ». « Приключения Четвёртого Доктора » от Big Finish, стартовавшие аудиопьесой « Место назначения: Нерва » (2012), рассказывают о возвращении Доктора на станцию во время путешествий с Лилой . Также здесь произошло первое появление расы виррн , в будущем участвующей в различных историях из расширенной вселенной. Сюжет 12 сезона о космической станции изначально должны были написать Кристофер Лэнгли, или Джон Люкаротти , однако оба не смогли завершить сценарий из-за различных причин. Хоть последнему и была отправлена выплата за полностью выполненную работу, редактор сценариев Роберт Холмс создал собственный сценарий на основе этой идеи. « Ковчег в космосе » несколько раз упоминалась актёрами и съёмочной командой, как одна из самых запоминающихся серий: Расселл Т Дэвис называл её своей любимейшей из всего классического сериала, Стивен Моффат говорил, что считает её лучшей историей с Четвёртым Доктором, и даже сам Том Бейкер утверждал, что сниматься в ней ему понравилось больше, чем во всех остальных сериях. ТАРДИС приземляется на космической станции, которая находится на орбите Земли в далёком будущем. Она кажется безлюдной, однако вскоре Доктор, Сара и Гарри узнают, что они не одни. Тысячи людей занимают криогенные камеры на борту станции, и пока они были в долгом сне, их Ковчег был захвачен. Паразитическая насекомоподобная раса - виррн - взяла под контроль станцию, что угрожает будущему всего человечества. "
https://tardis.fandom.com/ru/wiki/%D0%AD%D0%BA%D1%81%D0%BF%D0%B5%D1%80%D0%B8%D0%BC%D0%B5%D0%BD%D1%82_%D1%81%D0%BE%D0%BD%D1%82%D0%B0%D1%80%D0%B0%D0%BD%D1%86%D0%B0,"
					Эксперимент сонтаранца				",Четвёртый Доктор,Сара Джейн,Боб Бейкер,Родни Беннетт,Филип Хинчклифф,22 февраля - 1 марта 1975,"Эксперимент сонтаранца The Sontaran Experiment Доктор Кто : 12 сезон 3 серия Доктор: Четвёртый Доктор Спутники: Сара Джейн , Гарри Враги: Сонтаранец Стайр Место: Земля - 16 087 год Производственная информация Автор: Боб Бейкер Дэйв Мартин Режиссёр: Родни Беннетт Продюсер: Филип Хинчклифф Номер: 77 Дата выхода: 22 февраля - 1 марта 1975 Формат: 2 эпизода по 25 мин. Отрывок Доктор Кто ← Предыдущее Следующее → Ковчег в космосе Происхождение далеков Эксперимент сонтаранца — 3 серия 12 сезона сериала « Доктор Кто », показанная с 22 февраля по 1 марта 1975 года. Состоящая из 2 эпизодов, эта история является самой короткой серией 1970-х. Здесь было показано путешествие Четвёртого Доктора , Сары Джейн и Гарри на опустошённую Землю в далёком будущем, где они встречают сонтаранца . Сюжет серии происходит сразу после предыдущей, Доктор и его спутники прибывают на Землю не на ТАРДИС, а телепортировавшись с космической станции Нерва . Редактор сценариев Роберт Холмс не был большим фанатом длинных 6-эпизодных историй, из-за чего он утвердил для 12 сезона одну 2-эпизодную, на написание которой были назначены Боб Бейкер и Дэйв Мартин . Им было поручено вернуть сонтаранцев , впервые появившихся в серии « Воин времени » (1973-74), чтобы сэкономить на производстве, используя уже созданные декорации и костюмы со съёмок той серии. Прибыв на опустошённую Землю, Доктор, Сара и Гарри вскоре находят экипаж разбившегося космического корабля из дальней человеческой колонии. Их заманил на Землю ложный сигнал бедствия, и теперь астронавты стали частью смертельного эксперимента сонтаранцев, которые готовят планету к полномасштабному завоеванию. Сможет ли Доктор одолеть майора Стайра и спасти будущее Земли? следует добавить следует добавить "
https://tardis.fandom.com/ru/wiki/%D0%9F%D1%80%D0%BE%D0%B8%D1%81%D1%85%D0%BE%D0%B6%D0%B4%D0%B5%D0%BD%D0%B8%D0%B5_%D0%B4%D0%B0%D0%BB%D0%B5%D0%BA%D0%BE%D0%B2,"
					Происхождение далеков				",Четвёртый Доктор,Сара Джейн,Терри Нейшн,Дэвид Мэлоуни,Филип Хинчклифф,8 марта - 12 апреля 1975,"Происхождение далеков Genesis of the Daleks Доктор Кто : 12 сезон 4 серия Доктор: Четвёртый Доктор Спутники: Сара Джейн , Гарри Участвуют: Талы Враги: Даврос , далеки , Найдер Камео: Повелитель Времени Место: Скаро Производственная информация Автор: Терри Нейшн Режиссёр: Дэвид Мэлоуни Продюсер: Филип Хинчклифф Номер: 78 Дата выхода: 8 марта - 12 апреля 1975 Формат: 6 эпизодов по 25 мин. Официальный трейлер Отрывок Доктор Кто ← Предыдущее Следующее → Эксперимент сонтаранца Месть киберлюдей Происхождение далеков — 4 серия 12 сезона сериала « Доктор Кто », показанная с 8 марта по 12 апреля 1975 года. Здесь произошло первое появление Давроса , а также показано зарождение далеков . Кроме того, впервые упоминается вражда между далеками и Повелителями Времени , что в конечном итоге выльется в Войну Времени . Это вторая серия сезона, в которой не появляется ТАРДИС - Четвёртый Доктор , Сара Джейн и Гарри в начале серии во время телепортации переправлены Повелителями Времени на планету Скаро , и им предоставлено Кольцо Времени , которое возвращает их после завершения миссии на космическую станцию . Данная серия является первой из двух историй с далеками в эре Четвёртого Доктора - следующей станет « Судьба далеков » (1979), сиквел к « Происхождению далеков », где также возвращается Даврос. « Происхождение далеков » неоднократно признавалось фанатами как одна из лучших серий « Доктора Кто », в частности по голосованиям журнала Doctor Who Magazine , где в 1998 году она заняла 1-е место. Мини-аудиосериал « Я, Даврос » (2006) рассказывает о прошлом Давроса и ведёт прямо к событиям данной серии. В последнем эпизоде произошло возвращение Питера Майлса к роли Найдера , который впервые появляется в « Происхождении далеков ». Доктор и его спутники оказываются на планете Скаро в далёком прошлом и получают задание от Повелителей Времени - предотвратить создание далеков. следует добавить следует добавить следует добавить следует добавить следует добавить следует добавить "
https://tardis.fandom.com/ru/wiki/%D0%9C%D0%B5%D1%81%D1%82%D1%8C_%D0%BA%D0%B8%D0%B1%D0%B5%D1%80%D0%BB%D1%8E%D0%B4%D0%B5%D0%B9,"
					Месть киберлюдей				",Четвёртый Доктор,Сара Джейн,Джерри Дэвис,Майкл Брайант,Филип Хинчклифф,19 апреля - 10 мая 1975,"Месть киберлюдей Revenge of the Cybermen Доктор Кто : 12 сезон 5 серия Доктор: Четвёртый Доктор Спутники: Сара Джейн , Гарри Враги: Киберлюди , киберматы , Ворус , Келлман Место: Нерва и Вога - 30 век Производственная информация Автор: Джерри Дэвис Режиссёр: Майкл Брайант Продюсер: Филип Хинчклифф Номер: 79 Дата выхода: 19 апреля - 10 мая 1975 Формат: 4 эпизода по 25 мин. Официальный трейлер Отрывок Доктор Кто ← Предыдущее Следующее → Происхождение далеков Террор зайгонов Месть киберлюдей — 5 и последняя серия 12 сезона сериала « Доктор Кто », показанная с 19 апреля по 10 мая 1975 года. Здесь произошло первое полноценное возвращение киберлюдей со времён серии « Вторжение » (1968), а также их единственное участие в эре Четвёртого Доктора, не считая флэшбеков. Следующим их появлением станет серия « Землетрясение » (1982) в 19 сезоне. Это первая серия, в которой указывается одна из главных слабостей киберлюдей - уязвимость перед золотом, которое выводит из строя их механизмы. История примечательна тем, что была первой из всего « Доктора Кто », которая вышла в кассетном формате в 1980-х, открыв целую линейку будущих изданий, продолжившихся до 2000-х, пока на смену VHS не пришло DVD. Доктор, Сара Джейн и Гарри возвращаются на космическую стацию Нерва, однако оказываются в далёком прошлом относительно их прошлого приключения. Это 30 век, и экипаж на борту Нервы подвержен таинственному заболеванию, в то время как станция стоит на орбите спутника Вога, где живёт раса добытчиков золота. Расследуя заговор, Доктор раскрывает присутствие своих давних врагов - киберлюдей. следует добавить следует добавить следует добавить следует добавить "
https://tardis.fandom.com/ru/wiki/%D0%A2%D0%B5%D1%80%D1%80%D0%BE%D1%80_%D0%B7%D0%B0%D0%B9%D0%B3%D0%BE%D0%BD%D0%BE%D0%B2,"
					Террор зайгонов				",Четвёртый Доктор,Сара Джейн,Роберт Бэнкс Стюарт,Дуглас Кэмфилд,Филип Хинчклифф,30 августа - 20 сентября 1975,"Террор зайгонов Terror of the Zygons Доктор Кто : 13 сезон 1 серия Доктор: Четвёртый Доктор Спутники: Сара Джейн , Гарри Участвуют: Бригадир , Бентон , UNIT Враги: Зайгоны , Скарасен Место: Земля - Шотландия ( Таллох-Мур , озеро Лох-Несс , корабль зайгонов) и Англия ( Вестминстер ) - 1980-е Производственная информация Автор: Роберт Бэнкс Стюарт Режиссёр: Дуглас Кэмфилд Продюсер: Филип Хинчклифф Номер: 80 Дата выхода: 30 августа - 20 сентября 1975 Формат: 4 эпизода по 25 мин. Официальный трейлер Отрывок Доктор Кто ← Предыдущее Следующее → Месть киберлюдей Планета зла Террор зайгонов — 1 серия 13 сезона сериала « Доктор Кто », показанная с 30 августа по 20 сентября 1975 года. Здесь было показано приключение Четвёртого Доктора , Сары Джейн и Гарри в современной Шотландии, где они воссоединяются с UNIT . В серии впервые появились зайгоны , которые позже вернутся в сериале в 2013-2015 годах. Здесь произошло последнее регулярное появление Йен Мартера в роли Гарри Салливана , который ещё вернётся в серии « Вторжение андроидов » (1975), а также последнее появление Николаса Кортни в роли Бригадира вплоть до его возвращения в сериях « Мертвец Модрин », « Пять Докторов » (1983) и « Поле боя » (1989). Данная история завершает период регулярного участия UNIT и современной Великобритании в сериале, который продолжался с 1970 года . Доктор получает сообщение от Бригадира о том, что UNIT требуется его срочная помочь - ТАРДИС приземляется в Шотландии, где Доктор, Сара Джейн и Гарри узнают, что таинственная сила уничтожила три буровые вышки, а также были обнаружены следы гигантских клыков. След ведёт к берегу озера Лох-Несс, где UNIT ждёт удивительное открытие - монстр существует, являясь уловкой инопланетной силы со способностью принимать человеческую форму - зайгонов - которые желают завладеть планетой. следует добавить следует добавить следует добавить следует добавить "
https://tardis.fandom.com/ru/wiki/%D0%9F%D0%BB%D0%B0%D0%BD%D0%B5%D1%82%D0%B0_%D0%B7%D0%BB%D0%B0,"
					Планета зла				",Четвёртый Доктор,Сара Джейн,Луи Маркс,Дэвид Мэлоуни,Филип Хинчклифф,27 сентября - 18 октября 1975,"Планета зла Planet of Evil Доктор Кто : 13 сезон 2 серия Доктор: Четвёртый Доктор Спутники: Сара Джейн Враги: Существо анти-материи Место: Малая Зета - 37 166 год ТАРДИС Доктора Производственная информация Автор: Луи Маркс Режиссёр: Дэвид Мэлоуни Продюсер: Филип Хинчклифф Номер: 81 Дата выхода: 27 сентября - 18 октября 1975 Формат: 4 эпизода по 25 мин. Официальный трейлер За кулисами Доктор Кто ← Предыдущее Следующее → Террор зайгонов Пирамиды Марса Планета зла — 2 серия 13 сезона сериала « Доктор Кто », показанная с 27 сентября по 18 октября 1975 года. Здесь было показано приключение Четвёртого Доктора и Сары Джейн на инопланетном мире, где экспедиция с Земли сталкивается с угрозой анти-материи. Источником вдохновения для сюжета послужила книга Роберта Льюиса Стивена « Странная история доктора Джекила и мистера Хайда » (1886), а также научно-фантастический фильм « Запретная планета » (1956). Серия примечательна декорациями джунглей, которые создал Роберт Мюррей-Лич. BBC были настолько впечатлены его работой, что детальные фотографии со съёмочной площадки позже использовались в обучающем материале для телевизионных дизайнеров. Это первая серия с Четвёртым Доктором, где ТАРДИС показана изнутри - главная комната и консоль управления отсутствовали в сериале весь прошлый сезон. ТАРДИС принимает сигнал бедствия с границы известной вселенной, и Доктор с Сарой Джейн приземляются на отдалённой планете Малая Зета, где геологическая экспедиция сталкивается с таинственной угрозой. следует добавить следует добавить следует добавить следует добавить "
https://tardis.fandom.com/ru/wiki/%D0%9F%D0%B8%D1%80%D0%B0%D0%BC%D0%B8%D0%B4%D1%8B_%D0%9C%D0%B0%D1%80%D1%81%D0%B0,"
					Пирамиды Марса				",Четвёртый Доктор,Сара Джейн,Роберт Холмс,Пэдди Расселл,Филип Хинчклифф,27 октября - 15 ноября 1975,"Пирамиды Марса Pyramids of Mars Доктор Кто : 13 сезон 3 серия Доктор: Четвёртый Доктор Спутники: Сара Джейн Враги: Сутех Место: Земля ( Англия и Египет ) и Марс - 1911 и альтернативный 1980 ТАРДИС Доктора Производственная информация Автор: Роберт Холмс Льюис Грифер Режиссёр: Пэдди Расселл Продюсер: Филип Хинчклифф Номер: 82 Дата выхода: 27 октября - 15 ноября 1975 Формат: 4 эпизода по 25 мин. Официальный трейлер Отрывок Доктор Кто ← Предыдущее Следующее → Планета зла Вторжение андроидов Пирамиды Марса — 3 серия 13 сезона сериала « Доктор Кто », показанная с 27 октября по 15 ноября 1975 года. Здесь показано приключение Четвёртого Доктора и Сары Джейн в Англии 1911 года, где они обнаруживают заговор с целью пробуждения древнего инопланетного существа по имени Сутех , который пленён на Марсе . Это единственное появление Сутеха и расы осирианцев в сериале, однако они появляются ещё во многих историях расширенной вселенной « Доктора Кто », в том числе в собственном аудио спин-оффе. Сюжет основан на мифологии Древнего Египта , персонажи из которой представлены в « Докторе Кто » как могущественные инопланетяне. Также вдохновением для серии послужила серия фильмов ужасов « Мумия », снятая студией Universal (1932-1944, США) и студией Hammer (1959-1971, Великобритания). « Пирамиды Марса » считается одной из самых популярных серий классического « Доктора Кто ». Издание серии на DVD было одним из самых ожидаемых релизов, согласно журналу Doctor Who Magazine. ТАРДИС приземляется внутри викторианского особняка. Доктор и Сара сразу замечают неладное из-за того, что настоящий владелец отсутствует, а домом управляет таинственный египтянин, под руководством которого по особняку разгуливают мумии… следует добавить следует добавить следует добавить следует добавить "
https://tardis.fandom.com/ru/wiki/%D0%92%D1%82%D0%BE%D1%80%D0%B6%D0%B5%D0%BD%D0%B8%D0%B5_%D0%B0%D0%BD%D0%B4%D1%80%D0%BE%D0%B8%D0%B4%D0%BE%D0%B2,"
					Вторжение андроидов				",Четвёртый Доктор,Сара Джейн,Терри Нейшн,Барри Леттс,Филип Хинчклифф,22 ноября - 13 декабря 1975,"Вторжение андроидов The Android Invasion Доктор Кто : 13 сезон 4 серия Доктор: Четвёртый Доктор Спутники: Сара Джейн Участвуют: UNIT , Гарри , Бентон Враги: Краалы , андроиды Место: Земля ( Англия : Девешэм ) и Осейдон - 1980-е Производственная информация Автор: Терри Нейшн Режиссёр: Барри Леттс Продюсер: Филип Хинчклифф Номер: 83 Дата выхода: 22 ноября - 13 декабря 1975 Формат: 4 эпизода по 25 мин. Официальный трейлер Отрывок Доктор Кто ← Предыдущее Следующее → Пирамиды Марса Мозг Морбиуса Вторжение андроидов — 4 серия 13 сезона сериала « Доктор Кто », показанная с 22 ноября по 13 декабря 1975 года. Здесь было показано приключение Четвёртого Доктора и Сары Джейн , во время которого они раскрывают планы расы краалов по захвату Земли при помощи андроидов - дубликатов обычных людей. Сюжет развивается в английской деревне Девешэм, при этом по ходу истории раскрывается, что Доктор и Сара прибыли не на Землю, а на планету Осейдон, где краалы построили копию этой деревни и её жителей. Здесь произошло последнее появление в сериале Йена Мартера в роли Гарри Салливана и Джона Левина в ролях Джона Бентона . Большинство актёров в серии сыграли также андроидов своих персонажей, в том числе появляются андроид Доктора и андроид Сары Джейн . Доктор и Сара Джейн приземляются рядом с космическим центром у английского городка Девешэм. Деревня пустынна, телефоны не работают, календари застыли на одной и той же дате, а в местном лесу разруливают таинственные фигуры в белых костюмах. Кто такие краалы, и что они задумали сделать с Землёй? следует добавить следует добавить следует добавить следует добавить "
https://tardis.fandom.com/ru/wiki/%D0%9C%D0%BE%D0%B7%D0%B3_%D0%9C%D0%BE%D1%80%D0%B1%D0%B8%D1%83%D1%81%D0%B0,"
					Мозг Морбиуса				",Четвёртый Доктор,Сара Джейн,Терранс Дикс,Кристофер Барри,Филип Хинчклифф,3-24 января 1976,"Мозг Морбиуса The Brain of Morbius Доктор Кто : 13 сезон 5 серия Доктор: Четвёртый Доктор Спутники: Сара Джейн Участвуют: Сёстры Карна Враги: Морбиус , Солон Камео: Изображения восьми неизвестных Докторов Место: Карн - далёкое будущее Производственная информация Автор: Терранс Дикс Роберт Холмс Режиссёр: Кристофер Барри Продюсер: Филип Хинчклифф Номер: 84 Дата выхода: 3-24 января 1976 Формат: 4 эпизода по 25 мин. Официальный трейлер Доктор Кто ← Предыдущее Следующее → Вторжение андроидов Семена погибели Мозг Морбиуса — 5 серия 13 сезона сериала « Доктор Кто », показанная с 3 по 24 января 1976 года. Здесь показано приключение Четвёртого Доктора и Сары Джейн на планете Карн , где они сталкиваются с заговором по возрождению Морбиуса , легендарного предводителя Повелителей Времени . В этой серии впервые появляются Сёстры Карна , позже вернувшиеся в мини-эпизоде « Ночь Доктора » (2013) и 9 сезоне возрождённого сериала. История была написана под влиянием готического романа Мэри Шелли « Франкенштейн, или Современный Прометей » (1818), а также знаменитых фильмов ужасов снятых на основе этой книги. В финальном эпизоде показана «битва умов» между Морбиусом и Доктором, во время которой на экране появляются в убывающем порядке прошлые три воплощения Доктора, а затем восемь неизвестных лиц в необычных костюмах . Эти лица принадлежат членам съёмочной группы « Доктора Кто », и долгое время популярной фанатской теорией было предположение, что это неизвестные воплощения Доктора до Первого - на это намерение намекали и создатели серии. В 2020 году теория была официально подтверждена, когда в серии « Вечные дети » все восемь лиц вернулись во флэшбеке забытых воспоминаний Тринадцатого Доктора . Безумный учёный по имени Солон живёт в уединении на планете Карн, пытаясь собрать живое тело из различных биологических компонентов. Его цель - возродить легендарного Лорда-Президента Повелителей Времени Морбиуса, который был казнён за свои преступления и чей живой мозг он скрывает в своём доме. Когда прибывают путешественники во времени, Солон решает, что голова Доктора будет идеальна для нового тела… следует добавить следует добавить следует добавить следует добавить "
https://tardis.fandom.com/ru/wiki/%D0%A1%D0%B5%D0%BC%D0%B5%D0%BD%D0%B0_%D0%BF%D0%BE%D0%B3%D0%B8%D0%B1%D0%B5%D0%BB%D0%B8,"
					Семена погибели				",Четвёртый Доктор,Сара Джейн,Роберт Бэнкс Стюарт,Дуглас Кэмфилд,Филип Хинчклифф,31 января - 6 марта 1976,"Семена погибели The Seeds of Doom Доктор Кто : 13 сезон 6 серия Доктор: Четвёртый Доктор Спутники: Сара Джейн Участвуют: UNIT Враги: Криноиды , Чейз , Скорби Место: Земля - Антарктида и Англия - 1980-е Производственная информация Автор: Роберт Бэнкс Стюарт Режиссёр: Дуглас Кэмфилд Продюсер: Филип Хинчклифф Номер: 85 Дата выхода: 31 января - 6 марта 1976 Формат: 6 эпизодов по 25 мин. Официальный трейлер Доктор Кто ← Предыдущее Следующее → Мозг Морбиуса Маскарад Мандрагоры Семена погибели , иногда называемая Семена судьбы — 6 и последняя серия 13 сезона сериала « Доктор Кто », показанная с 31 января по 6 марта 1976 года. Здесь показано приключение Четвёртого Доктора и Сары Джейн в современной Антарктиде, которое оборачивается противостоянием с инопланетной растительной расой криноидов . Это первая история с участием UNIT , в которой отсутствуют и Бригадир , и Бентон . Также, это последняя серия с UNIT до 1989 года . Учёные находят в Антарктиде два таинственных стручка. Вскоре Доктор понимает, что они являются внеземными и очень опасными. В тоже время, Харрисон Чейз хочет заполучить их себе в коллекцию. следует добавить следует добавить следует добавить следует добавить следует добавить следует добавить "
https://tardis.fandom.com/ru/wiki/%D0%9C%D0%B0%D1%81%D0%BA%D0%B0%D1%80%D0%B0%D0%B4_%D0%9C%D0%B0%D0%BD%D0%B4%D1%80%D0%B0%D0%B3%D0%BE%D1%80%D1%8B,"
					Маскарад Мандрагоры				",Четвёртый Доктор,Сара Джейн,Луи Маркс,Родни Беннетт,Филип Хинчклифф,4-25 сентября 1976,"Маскарад Мандрагоры The Masque of Mandragora Доктор Кто : 14 сезон 1 серия Доктор: Четвёртый Доктор Спутники: Сара Джейн Враги: Спираль Мандрагоры , Иероним , Федерико Место: ТАРДИС Доктора Спираль Мандрагоры Земля - Италия - Сан Мартино - 1492 год Производственная информация Автор: Луи Маркс Режиссёр: Родни Беннетт Продюсер: Филип Хинчклифф Номер: 86 Дата выхода: 4-25 сентября 1976 Формат: 4 эпизода по 25 мин. Официальный трейлер Отрывок Доктор Кто ← Предыдущее Следующее → Семена погибели Рука страха Маскарад Мандрагоры , иногда называемая Маска Мандрагоры — 1 серия 14 сезона сериала « Доктор Кто », показанная с 4 по 25 сентября 1976 года. Здесь показано приключение Четвёртого Доктора и Сары Джейн в Италии эпохи Возрождения, где они сталкиваются с инопланетной угрозой и заговором тайного общества. Здесь впервые появляется радикально новый дизайн консольной комнаты ТАРДИС , который будет появляться на протяжении всего 14 сезона. Также впервые герои обращают внимание на то, что они способны понимать и общаться на любом языке, отличном от английского. Эта первая историческая серия со времён « Метких стрелков » (1966), сюжет которой главным образом развивается вне Великобритании. ТАРДИС приносит Доктора в уголок космоса, где Доктор и Сара сталкиваются с существом из живой энергии. Спираль Мандрагоры переносит машину времени в Италию 15-го века. Путешественникам предстоит столкнуться с дворцовыми интригами, махинациями таинственного культа и высвободившейся космической энергией. Времени совсем мало, так как Спираль Мандрагоры намерена действовать… следует добавить следует добавить следует добавить следует добавить "
https://tardis.fandom.com/ru/wiki/%D0%A0%D1%83%D0%BA%D0%B0_%D1%81%D1%82%D1%80%D0%B0%D1%85%D0%B0,"
					Рука страха				",Четвёртый Доктор,Сара Джейн,Боб Бейкер,Ленни Мэйн,Филип Хинчклифф,2-23 октября 1976,"Рука страха The Hand of Fear Доктор Кто : 14 сезон 2 серия Доктор: Четвёртый Доктор Спутники: Сара Джейн Враги: Элдрад Место: Земля - Лондон и Шотландия - 1980-е ТАРДИС Доктора Кастрия — далёкое прошлое и 20 век Производственная информация Автор: Боб Бейкер Дэйв Мартин Режиссёр: Ленни Мэйн Продюсер: Филип Хинчклифф Номер: 87 Дата выхода: 2-23 октября 1976 Формат: 4 эпизода по 25 мин. Официальный трейлер Отрывок Доктор Кто ← Предыдущее Следующее → Маскарад Мандрагоры Беспощадный убийца Рука страха — 2 серия 14 сезона сериала « Доктор Кто », показанная со 2 по 23 октября 1976 года. История рассказывает о приключении Четвёртого Доктора и Сары Джейн , во время которого они находят отстанки древнего инопланетного правителя, Элдрада , и он возвращается к жизни. Здесь произошло последнее регулярное появление Элизабет Слейден в роли Сары Джейн Смит, которая в конце серии прощается с Доктором. Актриса ещё вернётся в нескольких будущих эпизодах и получит три спин-оффа - « К9 и компания » (1981), « Сара Джейн Смит » (2002-2006, аудио), « Приключения Сары Джейн » (2006-2011). ТАРДИС приземляется на современной Земле, а Сара находит нечто похожее на окаменелую человеческую руку. Сто пятьдесят миллионов лет назад на планете Кастрия предатель по имени Элдрад был приговорен к смерти за свои преступления и в том числе - за разрушение барьеров, защищавших планету от губительного солнечного излучения Помещенный в капсулу и отправленный в космос, Элдрад ждет уничтожения, но капсулу приходится взорвать преждевременно, что оставляет преступнику шанс на выживание. Условия на Кастрии стремительно ухудшаются, оставшиеся жители ожидают своей участи на разрушенной планете. Четвёртый Доктор и Сара Джейн Смит прибывают на ТАРДИС на современную землю и оказываются в карьере, где тут же попадают в зону взрывных работ. Доктор легко ранен, Сару Джейн находят под завалами в бессознательном состоянии, сжимающей окаменелую руку, и отвозят в ближайшую больницу. Руку начинают изучать. На основании анализа слоев в породы, в которой она была найдена, её в возраст оценивают в 150 млн. лет. Паталогоанатом доктор Картер отвергает такую находку как нелепую. Рассматривая частичку руки под электронным микроскопом, Доктор обнаруживает спираль, напоминающую спираль ДНК. Минимальная радиация микроскопа заставляет образец расти. Доктор понимает, что это ископаемое может на самом деле содержать остатки жизни. Сара наблюдает за регенерацией руки. Сара Джейн просыпается на больничной койке, сжимая в руке кольцо с кристаллом, которое ранее было надето на палец окаменелой руки. Кольцо начинает излучать энергию, и Сара слышит голос в своей голове: «Элдрад должен жить». Она крадет руку и бежит из больницы, попутно вырубив доктора Картера с помощью вспышки энергии из кольца, и направляется к ближайшему ядерному реактору. С помощью кольца Саре удается преодолеть охрану и работников комплекса и пробраться близко к реактору. Она садится и смотрит, как рука впитывает радиацию, восстанавливает недостающий палец и начинает двигаться. Руководитель станции профессор Уотсон остается на своем посту, когда ситуация с реактором становится критической. Он предлагает Доктору помощь и советы, когда тот пытается добраться до Сары. Она спокойно сидит среди всеобщего хаоса и сигналов сирены. Доктор решает пробраться в нужную комнату через канал системы охлаждения. На пути к каналу его собирается остановить доктор Картер, теперь также находящийся под гипнотическим влиянием кольца. Догнав Доктора на лестнице, он пытается ударить его гаечным ключом, но Доктору удается увернуться. Картер по инерции перелетает через перила и срывается вниз, разбиваясь насмерть. Добравшись до Сары, Доктор отвлекает её фразой: «Элдрад должен жить» и отключает её сознание. Позже Доктор обнаруживает, что в комнате вообще не было радиации, рука впитала все излучение реактора. Руку помещают в герметичный каунтинер, а Доктор снимает с Сары гипноз. Доктор проверяет Сару датчиком радиации Кольцо, тем временем, остается на полу в комнате реактора, где его находит техник по имени Дрисколл и попадает под его влияние. Он берет руку и прокладывает путь к ядру реактора. Он использует кольцо против сотрудников охраны, которые пытаются его остановить. Доктор преследует его и едва не становится жертвой. Дрисколл входит в ядро реактора, и ситуация вновь становится критической. Уотсон договаривается с военными о нанесении с воздуха тактического ядерного удара, чтобы уничтожить руку и реактор, но действие ракет было нейтрализовано, произошел «не-взрыв». Мощности ракет и энергии ядра реактора хватило для полной регенерации Элдрада. Элдрад, принявший женскую кремний-кристаллическую форму, рассказывает, что он построил пространственные барьеры, позволившие Кастрии процветать, но в межзвездной войне барьеры были разрушены, а он опозорен и усужден. Элдрад убеждает Доктора вернуть его на Кастрию, назад, в то время, когда он мог спасти свой народ. Но Доктор соглашается отправится на Кастрию только в настоящее время, спустя 150 млн. лет после её разрушения. Сразу после этого врывается Уотсон и пытается расстрелять Элдрада из пистолета, но атака не имеет никакого эффекта. Элдрад в ответ собирается его убить, но Доктор убеждает его изменить решение. Оставив Уотсона работать над возвращением станции к нормальной жизни, Доктор, Сара и Элдрад возвращаются в карьер, где приземлилась ТАРДИС о отправляются на Кастрию. ТАРДИС приземляется на Кастрии Планета бесплодна и разрушена, но кольцо Элдрада активирует некоторые приборы. Он открывает дверь, ведущую в термальные камеры, и в него вонзается дротик-шприц. Элдрад поясняет, что в дротике была кислота его собственного изобретения, разрушающая структуру его клеток. Доктор и Сара отводят Элдрада вниз, к камере регенерации, расположенной ниже поверхности Кастрии, но на пути туда встречают ловушки, предназначенные для кастрианца, и с трудом их обходят. Камера регенерации также была настроена так, чтобы убить Элдрада, но неисправность системы приводит не к смерти кастрианца, а к его полной регенерации. Новая форма Элдрада выше, массивнее и мужского пола. Он поясняет, что прошлая форма была основана на строении Сары - первого существа, с которым он вступил в контакт. Элдрад с гордостью заявляет, что это он уничтожил защитные барьеры в ходе противостояния королю Рокону. Они находят конечную цель Элдрада - банк расы, с помощью которого можно возвратить сохраненных в нём кастрианцев к жизни, однако банк оказывается пуст. Изображение Рокона, появляющееся на видеоэкране, сообщает, что когда барьеры были разрушены и кастрианцы понимали, что обречены на убогое выживание под землей, а также опасались возможного возвращения Элдрада, и поэтому приняли решение уничтожить и себя, и банк расы. Рокон насмешливо приветствует Элдрада из могилы как «Короля над ничем». Огорченный Элдрад решает, что будет править Землей и требует от Доктора вернуть его обратно. Доктор отказывается, заявляя, что его обязательства перед Элдрадом выполнены. Элдрад преследует Доктора и Сару, но у пропасти спотыкается о шарф Доктора, растянутый Доктором и Сарой поперек дороги, и падает вниз. Доктор бросает в ту же пропасть кольцо Элдрада. Он отмечает, что судьба Элдрада точно не известна, так как его трудно убить. Доктор и Сара возвращаются в ТАРДИС, и Доктор приступает к ремонту. Сара жалуется на свою жизнь в ТАРДИС - постоянные прыжки по вселенной, жукоглазые монстры, от которых приходится улепетывать и добавляет, что хочет принять ванну. Но Доктор полностью сосредоточен на ремонте консоли ТАРДИС, что также раздражает Сару. Она требует, чтобы он вернул её домой и уходит в свою комнату собирать вещи. Сара возвращается с вещами в руках Когда Сара вышла, Доктор получил телепатический сигнал вернуться на Галлифрей. Он говорит себе, что не может взять Сару с собой. Сара возвращается с вещами в руках, и Доктор сообщает ей, что должен вернуть её на Землю, так как не может взять её с собой на Галлифрей. Когда её пустая угроза вдруг становится реальностью, Сара немало озадачена, особенно потерей шанса увидеть Галлифрей. Доктор направляет ТАРДИС на Хиллвью роуд в Южном Кройдоне, туда, где находится дом Сары. Она просит Доктора не забывать её, и он отвечает тем же. Уже на выходе Сара добавляет, что путешествия действительно расширяют кругозор, а Доктор обещает, что они встретятся снова. Посмотрев, как ТАРДИС исчезает, Сара оглядывается по сторонам и понимает, что она не на Хиллвью роуд и, возможно, даже не в Южном Кройдоне. Однако она не злится и игриво треплет лежащую неподалеку собаку. Насвистывая, полная воспоминаний Сара направляется к своей новой жизни. "
